Date,Open,High,Low,Close,Adj Close,Volume
1999-12-31,11.11,11.21,10.4,10.76,10.76,2283600
2000-01-03,10.74,10.86,10.56,10.86,10.86,2134200
2000-01-04,10.64,10.94,10.64,10.85,10.85,1854200
2000-01-05,10.78,10.89,10.67,10.86,10.86,1842200
2000-01-06,10.89,11.56,10.78,11.06,11.06,4415600
2000-01-07,11.03,11.53,10.94,11.46,11.46,3104400
2000-01-10,11.53,11.89,11.22,11.89,11.89,2665800
2000-01-11,11.78,11.78,11.31,11.44,11.44,2284200
2000-01-12,11.44,11.46,10.99,11.24,11.24,2380800
2000-01-13,11.22,11.67,11.22,11.58,11.58,2675000
2000-01-14,11.56,12.03,11.56,11.88,11.88,4453200
2000-01-18,11.83,12.11,11.78,11.88,11.88,3394200
2000-01-19,11.85,11.96,11.58,11.61,11.61,1293200
2000-01-20,11.67,11.74,10.81,10.94,10.94,4147400
2000-01-21,11.0,11.0,10.42,10.65,10.65,2277200
2000-01-24,10.56,10.58,9.94,10.12,10.12,4721400
2000-01-25,10.22,10.39,9.69,10.38,10.38,2458200
2000-01-26,10.42,10.83,10.33,10.33,10.33,3739800
2000-01-27,10.4,10.49,9.79,9.89,9.89,3025200
2000-01-28,9.78,9.94,9.33,9.92,9.92,4706000
2000-01-31,9.89,10.06,9.67,9.79,9.79,2523000
2000-02-01,9.89,10.21,9.83,10.07,10.07,4168200
2000-02-02,10.11,10.5,10.08,10.28,10.28,1119800
2000-02-03,10.33,10.67,10.19,10.51,10.51,1728800
2000-02-04,10.64,10.69,10.19,10.28,10.28,1947800
2000-02-07,10.32,10.32,9.69,10.1,10.1,1037000
2000-02-08,10.17,10.36,10.15,10.32,10.32,1568000
2000-02-09,10.42,10.51,9.64,9.86,9.86,1039800
2000-02-10,9.89,9.92,9.29,9.33,9.33,3423600
2000-02-11,9.35,9.39,9.01,9.08,9.08,3532400
2000-02-14,9.11,9.14,8.75,8.99,8.99,2786600
2000-02-15,9.06,9.15,8.58,8.72,8.72,4944000
2000-02-16,8.75,8.78,7.97,8.17,8.17,1882800
2000-02-17,8.25,8.67,7.42,7.96,7.96,5431800
2000-02-18,8.0,8.03,7.5,7.64,7.64,2809800
2000-02-22,7.61,7.67,6.94,7.12,7.12,7953200
2000-02-23,7.25,7.94,7.17,7.94,7.94,6981600
2000-02-24,7.86,8.08,7.33,8.01,8.01,5361600
2000-02-25,7.89,8.03,7.62,7.75,7.75,3162800
2000-02-28,7.71,8.28,7.53,8.25,8.25,2303400
2000-02-29,8.28,8.97,8.22,8.62,8.62,3374400
2000-03-01,8.68,9.22,8.0,8.1,8.1,8658000
2000-03-02,8.14,8.69,8.08,8.39,8.39,2426600
2000-03-03,8.44,8.71,8.39,8.71,8.71,1326800
2000-03-06,8.67,8.67,7.89,7.96,7.96,3555800
2000-03-07,8.06,8.06,7.64,7.74,7.74,4142000
2000-03-08,7.72,8.4,7.6,8.39,8.39,3408600
2000-03-09,8.26,9.56,8.22,9.5,9.5,5188800
2000-03-10,9.17,9.42,8.74,8.9,8.9,2474000
2000-03-13,8.69,8.95,8.5,8.88,8.88,1322000
2000-03-14,8.89,8.89,8.19,8.38,8.38,1165800
2000-03-15,8.44,10.03,8.32,9.86,9.86,4213200
2000-03-16,9.83,10.89,9.67,10.47,10.47,8054400
2000-03-17,10.55,10.96,10.36,10.42,10.42,3510000
2000-03-20,10.39,10.5,9.89,9.96,9.96,808200
2000-03-21,9.89,10.45,9.65,10.43,10.43,1458200
2000-03-22,10.33,10.78,10.22,10.5,10.5,2268200
2000-03-23,10.46,10.69,10.15,10.5,10.5,2664800
2000-03-24,10.54,10.65,9.9,9.96,9.96,2318400
2000-03-27,10.26,10.28,9.89,10.0,10.0,991200
2000-03-28,10.0,10.33,9.76,10.0,10.0,3283200
2000-03-29,10.04,11.5,10.04,11.11,11.11,5102000
2000-03-30,10.73,11.53,10.61,11.47,11.47,2936600
2000-03-31,11.53,11.64,11.0,11.58,11.58,5114600
2000-04-03,11.72,12.19,11.36,12.17,12.17,3336200
2000-04-04,12.08,12.14,11.26,11.58,11.58,4530600
2000-04-05,11.6,11.6,10.94,11.36,11.36,1140600
2000-04-06,10.43,11.86,10.33,11.85,11.85,7894800
2000-04-07,11.85,11.88,11.25,11.6,11.6,2872800
2000-04-10,11.56,11.6,11.06,11.29,11.29,1320600
2000-04-11,11.11,11.51,11.0,11.26,11.26,1561800
2000-04-12,11.32,12.04,11.29,11.81,11.81,2538200
2000-04-13,11.78,11.96,11.22,11.24,11.24,1632000
2000-04-14,11.14,11.15,10.64,10.72,10.72,2054600
2000-04-17,10.61,11.39,10.54,11.38,11.38,2375000
2000-04-18,11.29,11.94,11.18,11.57,11.57,3758600
2000-04-19,11.44,11.47,10.92,11.28,11.28,1801800
2000-04-20,11.41,11.41,10.86,10.97,10.97,1060200
2000-04-24,10.99,11.43,10.89,11.32,11.32,5286800
2000-04-25,11.39,11.47,11.11,11.44,11.44,3052800
2000-04-26,11.53,12.97,11.43,12.86,12.86,14838200
2000-04-27,12.65,13.42,12.42,13.22,13.22,5211200
2000-04-28,13.14,13.17,12.64,12.86,12.86,3175400
2000-05-01,12.94,12.97,12.74,12.88,12.88,2768400
2000-05-02,12.86,13.42,12.81,12.9,12.9,4617200
2000-05-03,12.75,12.76,12.06,12.11,12.11,5778200
2000-05-04,12.1,12.72,11.94,12.69,12.69,4299200
2000-05-05,12.58,13.61,12.58,13.56,13.56,3209400
2000-05-08,13.14,14.12,13.11,13.61,13.61,5392800
2000-05-09,13.69,13.69,12.83,13.17,13.17,4053000
2000-05-10,12.89,13.31,12.75,13.08,13.08,2638200
2000-05-11,13.14,13.83,13.14,13.71,13.71,2873000
2000-05-12,13.67,13.81,13.19,13.21,13.21,2212400
2000-05-15,13.21,13.74,13.04,13.74,13.74,2679600
2000-05-16,13.67,14.4,13.67,14.11,14.11,2560800
2000-05-17,13.94,14.11,13.42,13.56,13.56,2922600
2000-05-18,13.54,14.0,13.35,13.5,13.5,1393200
2000-05-19,13.34,13.47,12.93,13.26,13.26,1333800
2000-05-22,13.28,13.32,12.61,13.04,13.04,2097200
2000-05-23,13.06,13.25,12.69,12.69,12.69,1165400
2000-05-24,12.36,12.4,11.39,12.4,12.4,3483200
2000-05-25,12.42,12.83,12.33,12.6,12.6,2899800
2000-05-26,12.61,12.61,11.92,12.4,12.4,1119600
2000-05-30,12.6,12.93,12.57,12.86,12.86,1716600
2000-05-31,12.89,13.61,12.78,13.22,13.22,2910000
2000-06-01,13.38,13.54,12.53,12.89,12.89,1747800
2000-06-02,12.91,13.69,12.9,13.67,13.67,1508400
2000-06-05,13.57,14.29,13.44,13.69,13.69,1674800
2000-06-06,13.6,13.6,13.06,13.07,13.07,2057600
2000-06-07,13.06,13.11,12.4,12.75,12.75,3171800
2000-06-08,12.85,12.94,12.46,12.56,12.56,1697400
2000-06-09,12.56,12.9,12.31,12.33,12.33,1316600
2000-06-12,12.33,12.39,11.9,11.93,11.93,1801800
2000-06-13,11.85,12.51,11.72,12.51,12.51,1794000
2000-06-14,12.57,13.03,12.56,12.83,12.83,2201600
2000-06-15,12.92,13.22,12.74,13.22,13.22,1439000
2000-06-16,13.56,13.6,12.93,13.15,13.15,1928600
2000-06-19,13.11,13.69,13.11,13.56,13.56,2446200
2000-06-20,13.55,13.92,13.42,13.69,13.69,1982600
2000-06-21,13.67,13.67,13.38,13.56,13.56,991400
2000-06-22,13.53,13.54,13.38,13.42,13.42,1182000
2000-06-23,13.35,13.42,13.17,13.38,13.38,2128400
2000-06-26,13.42,13.46,13.21,13.25,13.25,1660800
2000-06-27,13.29,13.48,13.27,13.29,13.29,1782600
2000-06-28,13.31,13.42,13.25,13.35,13.35,2122200
2000-06-29,13.33,13.35,12.67,12.83,12.83,1832600
2000-06-30,12.88,13.65,12.88,13.19,13.19,1695000
2000-07-03,13.18,13.67,13.17,13.23,13.23,533600
2000-07-05,13.19,13.25,12.85,13.06,13.06,1435400
2000-07-06,13.29,15.83,13.27,14.98,14.98,8139200
2000-07-07,15.15,15.52,15.0,15.19,15.19,3912000
2000-07-10,15.29,15.85,15.14,15.44,15.44,3591000
2000-07-11,15.42,16.08,15.35,15.88,15.88,2736000
2000-07-12,16.0,16.0,15.5,16.0,16.0,1274400
2000-07-13,15.5,15.5,14.67,14.69,14.69,4042800
2000-07-14,14.73,15.62,14.65,15.42,15.42,2024000
2000-07-17,15.41,15.42,14.96,15.08,15.08,1224000
2000-07-18,15.04,15.56,15.0,15.31,15.31,1466000
2000-07-19,15.44,15.67,14.98,15.31,15.31,1041600
2000-07-20,15.31,15.71,14.25,14.85,14.85,1763000
2000-07-21,14.75,14.81,14.04,14.44,14.44,1044800
2000-07-24,14.33,14.38,13.67,13.86,13.86,1926000
2000-07-25,13.73,13.79,13.21,13.69,13.69,2545200
2000-07-26,13.67,14.25,13.6,13.94,13.94,2220000
2000-07-27,13.98,14.29,13.79,14.0,14.0,2061200
2000-07-28,14.02,14.04,13.75,13.75,13.75,2490200
2000-07-31,13.95,14.46,13.25,14.19,14.19,2719200
2000-08-01,14.08,14.25,13.6,14.21,14.21,1809000
2000-08-02,14.04,14.17,13.4,13.5,13.5,4071600
2000-08-03,12.62,13.12,12.58,13.0,13.0,21674000
2000-08-04,13.07,13.44,13.0,13.4,13.4,7889600
2000-08-07,13.5,13.52,13.31,13.4,13.4,2825000
2000-08-08,13.33,13.5,13.33,13.5,13.5,3609200
2000-08-09,13.49,13.54,13.33,13.46,13.46,4367000
2000-08-10,13.46,13.47,13.33,13.33,13.33,2604200
2000-08-11,13.35,13.54,13.33,13.52,13.52,2733000
2000-08-14,13.48,13.71,13.48,13.69,13.69,2807000
2000-08-15,13.67,13.69,13.33,13.35,13.35,2008400
2000-08-16,13.38,13.69,13.33,13.69,13.69,3003000
2000-08-17,13.62,14.15,13.6,14.08,14.08,3818000
2000-08-18,13.93,14.08,13.92,13.98,13.98,1817000
2000-08-21,14.02,14.02,13.6,13.69,13.69,1597800
2000-08-22,13.71,13.83,13.56,13.79,13.79,973200
2000-08-23,13.76,13.88,13.58,13.85,13.85,1010400
2000-08-24,13.85,14.0,13.75,13.96,13.96,1186400
2000-08-25,13.98,14.38,13.92,14.31,14.31,1972400
2000-08-28,14.35,14.75,14.33,14.48,14.48,3352200
2000-08-29,14.46,14.75,14.21,14.75,14.75,1627400
2000-08-30,14.54,14.6,14.44,14.58,14.58,2750000
2000-08-31,14.51,14.58,13.46,13.52,13.52,2421800
2000-09-01,13.54,14.4,13.52,14.35,14.35,2699400
2000-09-05,14.33,14.33,13.81,13.81,13.81,1147400
2000-09-06,13.83,14.0,13.71,13.9,13.9,2647400
2000-09-07,13.9,14.33,13.83,14.06,14.06,2712600
2000-09-08,14.02,14.17,13.9,14.08,14.08,3593000
2000-09-11,14.07,14.35,13.88,14.15,14.15,2362400
2000-09-12,14.21,14.21,14.0,14.12,14.12,3503600
2000-09-13,14.08,14.33,14.04,14.12,14.12,2213000
2000-09-14,14.19,14.58,14.17,14.5,14.5,2692200
2000-09-15,14.38,14.67,14.12,14.67,14.67,3655200
2000-09-18,14.5,14.54,14.15,14.29,14.29,1833000
2000-09-19,14.42,14.46,13.71,14.23,14.23,2928600
2000-09-20,14.19,14.79,14.0,14.46,14.46,3133200
2000-09-21,14.44,14.81,14.27,14.65,14.65,2358600
2000-09-22,14.58,14.88,14.33,14.54,14.54,1168400
2000-09-25,14.7,14.71,14.54,14.58,14.58,2916600
2000-09-26,14.54,14.62,12.92,13.85,13.85,7972800
2000-09-27,13.77,14.08,13.48,14.02,14.02,4518600
2000-09-28,13.94,14.04,13.6,13.77,13.77,2508200
2000-09-29,13.81,13.81,13.27,13.52,13.52,2940800
2000-10-02,13.52,13.52,13.29,13.33,13.33,2213600
2000-10-03,13.39,13.46,12.81,12.83,12.83,2273000
2000-10-04,12.83,13.27,12.54,13.02,13.02,2358800
2000-10-05,12.92,13.12,12.75,12.92,12.92,4185000
2000-10-06,13.0,13.25,12.29,12.46,12.46,3177800
2000-10-09,12.5,12.58,12.0,12.19,12.19,1654800
2000-10-10,12.17,12.46,11.88,11.88,11.88,1600400
2000-10-11,11.9,12.17,11.0,11.46,11.46,3127400
2000-10-12,11.48,11.54,10.15,10.85,10.85,5508600
2000-10-13,10.94,11.98,10.83,11.48,11.48,2918600
2000-10-16,11.25,11.42,10.75,11.15,11.15,3676800
2000-10-17,11.4,11.75,11.19,11.35,11.35,4187000
2000-10-18,11.17,12.46,11.12,12.3,12.3,3235400
2000-10-19,12.38,12.42,11.71,11.81,11.81,5093000
2000-10-20,11.81,11.88,10.4,10.65,10.65,11646600
2000-10-23,10.65,10.71,9.79,10.08,10.08,7451600
2000-10-24,10.27,10.58,9.58,9.73,9.73,7038600
2000-10-25,10.46,11.79,10.38,11.35,11.35,8365400
2000-10-26,11.25,11.42,10.71,11.35,11.35,5068200
2000-10-27,11.38,11.71,11.35,11.65,11.65,3267800
2000-10-30,11.65,11.98,11.48,11.85,11.85,1804800
2000-10-31,11.98,13.25,11.85,13.04,13.04,4753400
2000-11-01,13.06,13.17,12.48,13.12,13.12,4363200
2000-11-02,13.15,13.75,12.96,13.15,13.15,5254800
2000-11-03,12.96,12.98,12.71,12.83,12.83,1434000
2000-11-06,12.85,13.0,12.65,12.75,12.75,2410400
2000-11-07,12.77,12.83,12.42,12.71,12.71,3418400
2000-11-08,12.7,13.02,12.5,12.94,12.94,1473000
2000-11-09,12.81,12.81,11.85,12.19,12.19,4286400
2000-11-10,12.08,12.19,11.27,11.27,11.27,4197800
2000-11-13,11.21,12.12,11.04,12.02,12.02,3839400
2000-11-14,12.0,12.67,12.0,12.65,12.65,3382800
2000-11-15,12.55,13.23,12.33,13.17,13.17,3284400
2000-11-16,12.92,13.12,12.79,12.85,12.85,2229200
2000-11-17,12.79,13.08,12.73,12.9,12.9,1711800
2000-11-20,12.85,13.08,12.56,12.69,12.69,1851600
2000-11-21,12.83,12.88,12.35,12.48,12.48,1547600
2000-11-22,12.42,12.75,12.15,12.25,12.25,1808600
2000-11-24,12.38,12.73,12.3,12.69,12.69,453800
2000-11-27,12.71,12.96,12.62,12.88,12.88,2424800
2000-11-28,12.6,12.96,12.31,12.47,12.47,1449000
2000-11-29,12.48,12.88,12.4,12.77,12.77,1843400
2000-11-30,12.18,12.62,12.12,12.42,12.42,3501800
2000-12-01,12.57,12.67,11.96,12.5,12.5,3877800
2000-12-04,12.48,13.5,12.42,13.5,13.5,4721600
2000-12-05,13.67,14.38,13.58,14.29,14.29,2901000
2000-12-06,14.12,14.67,13.38,13.4,13.4,2238000
2000-12-07,13.33,13.77,13.3,13.58,13.58,1557600
2000-12-08,13.58,14.25,13.44,14.0,14.0,3674400
2000-12-11,13.56,13.98,13.17,13.79,13.79,2386400
2000-12-12,13.65,13.98,13.33,13.56,13.56,2076800
2000-12-13,13.58,13.62,12.33,12.42,12.42,3883800
2000-12-14,12.43,12.5,11.65,11.83,11.83,6429600
2000-12-15,11.69,12.0,10.88,10.9,10.9,17790800
2000-12-18,11.54,12.21,11.5,12.12,12.12,3268400
2000-12-19,7.19,7.5,6.23,6.81,6.81,96293600
2000-12-20,6.9,7.42,6.83,7.38,7.38,17611200
2000-12-21,7.54,8.15,7.42,7.92,7.92,22929200
2000-12-22,8.04,8.71,7.98,8.71,8.71,12100800
2000-12-26,8.62,8.69,8.0,8.35,8.35,5873600
2000-12-27,8.33,8.75,8.08,8.71,8.71,5137800
2000-12-28,8.46,8.52,7.98,8.08,8.08,6660200
2000-12-29,8.08,8.25,8.04,8.17,8.17,6186000
2001-01-02,8.08,8.08,7.65,7.67,7.67,8561400
2001-01-03,7.59,8.48,7.5,8.35,8.35,10902800
2001-01-04,8.07,8.17,7.1,7.33,7.33,18691800
2001-01-05,7.52,8.06,7.48,7.96,7.96,10162200
2001-01-08,8.0,8.0,7.79,7.85,7.85,5372000
2001-01-09,7.92,7.92,7.27,7.4,7.4,6006800
2001-01-10,7.42,7.56,7.31,7.52,7.52,6350000
2001-01-11,7.5,8.46,7.48,8.35,8.35,13107000
2001-01-12,8.42,9.15,8.38,9.08,9.08,5646000
2001-01-16,8.92,9.33,8.9,9.17,9.17,5617400
2001-01-17,9.17,9.48,9.17,9.35,9.35,3396600
2001-01-18,9.31,9.35,9.12,9.19,9.19,3315000
2001-01-19,9.17,9.25,8.54,8.62,8.62,4533600
2001-01-22,8.69,9.04,8.54,9.02,9.02,3139800
2001-01-23,8.99,9.0,8.65,8.79,8.79,5928600
2001-01-24,8.81,9.21,8.79,8.93,8.93,4999800
2001-01-25,9.0,9.75,8.83,9.58,9.58,6637400
2001-01-26,9.5,10.06,9.46,9.98,9.98,6163200
2001-01-29,9.88,10.02,9.73,10.02,10.02,3615600
2001-01-30,9.98,10.02,9.69,9.73,9.73,3386000
2001-01-31,9.83,10.56,9.77,10.15,10.15,5999400
2001-02-01,10.29,10.75,10.12,10.42,10.42,3179400
2001-02-02,10.35,10.4,9.96,10.12,10.12,2592800
2001-02-05,10.04,10.19,9.5,9.83,9.83,2562000
2001-02-06,9.85,10.12,9.65,9.69,9.69,2260800
2001-02-07,9.67,10.19,9.67,10.08,10.08,1941800
2001-02-08,10.08,10.12,9.54,9.62,9.62,3330000
2001-02-09,9.65,9.65,8.9,9.0,9.0,2940600
2001-02-12,9.0,9.04,8.38,8.65,8.65,6697200
2001-02-13,8.75,9.33,8.75,9.29,9.29,3528800
2001-02-14,9.33,9.62,9.12,9.53,9.53,2480400
2001-02-15,9.6,9.88,9.12,9.21,9.21,2223800
2001-02-16,9.04,9.42,8.92,9.08,9.08,1366400
2001-02-20,9.02,9.29,9.0,9.06,9.06,1941000
2001-02-21,9.06,9.31,9.0,9.21,9.21,2107200
2001-02-22,9.23,9.35,8.88,9.21,9.21,2900600
2001-02-23,9.15,9.21,8.96,9.0,9.0,4594400
2001-02-26,9.17,9.75,9.04,9.69,9.69,1823000
2001-02-27,9.64,9.73,9.33,9.43,9.43,1164600
2001-02-28,9.54,9.69,9.17,9.27,9.27,1457000
2001-03-01,9.17,9.33,9.04,9.08,9.08,1934600
2001-03-02,8.92,9.25,8.83,9.21,9.21,1704600
2001-03-05,9.27,9.58,9.21,9.33,9.33,1584000
2001-03-06,9.5,9.54,9.35,9.52,9.52,3002400
2001-03-07,9.62,9.73,9.4,9.42,9.42,2018000
2001-03-08,9.42,9.71,9.33,9.58,9.58,1267400
2001-03-09,9.54,9.58,9.25,9.48,9.48,1365800
2001-03-12,9.23,9.25,8.88,9.02,9.02,1692000
2001-03-13,9.0,9.0,8.35,8.79,8.79,3417000
2001-03-14,8.69,8.79,7.88,8.06,8.06,4669800
2001-03-15,6.42,6.65,5.96,6.06,6.06,67200000
2001-03-16,6.1,6.38,6.06,6.08,6.08,19137200
2001-03-19,6.12,6.15,5.71,5.79,5.79,13121000
2001-03-20,5.83,5.85,5.54,5.67,5.67,14781200
2001-03-21,5.67,5.69,5.25,5.27,5.27,10884600
2001-03-22,5.27,5.52,5.19,5.4,5.4,10456200
2001-03-23,5.5,6.0,5.48,5.85,5.85,13493000
2001-03-26,5.94,6.0,5.83,5.85,5.85,5292200
2001-03-27,5.85,6.6,5.85,6.56,6.56,20214200
2001-03-28,6.33,6.42,6.29,6.38,6.38,13159200
2001-03-29,6.35,6.71,6.29,6.33,6.33,5717400
2001-03-30,6.33,6.6,6.27,6.42,6.42,4673600
2001-04-02,6.42,6.42,6.17,6.25,6.25,4192200
2001-04-03,6.27,6.29,6.0,6.02,6.02,4935200
2001-04-04,6.02,6.25,5.98,6.19,6.19,3872000
2001-04-05,6.33,6.67,6.27,6.62,6.62,7676400
2001-04-06,6.56,6.77,6.5,6.62,6.62,5015400
2001-04-09,6.58,6.7,6.33,6.39,6.39,3462000
2001-04-10,6.41,6.71,6.4,6.49,6.49,6431600
2001-04-11,6.65,6.68,6.47,6.59,6.59,4318800
2001-04-12,6.49,6.6,6.32,6.42,6.42,2878200
2001-04-16,6.4,6.7,6.33,6.5,6.5,5589800
2001-04-17,6.5,6.83,6.45,6.8,6.8,7390200
2001-04-18,6.9,7.33,6.86,7.17,7.17,7816800
2001-04-19,7.17,7.76,7.07,7.72,7.72,6986000
2001-04-20,7.66,7.67,7.1,7.32,7.32,5775800
2001-04-23,7.28,7.43,7.17,7.33,7.33,2410400
2001-04-24,7.22,7.22,6.54,6.55,6.55,5841800
2001-04-25,6.81,7.24,6.81,7.12,7.12,11392400
2001-04-26,7.16,7.35,7.02,7.27,7.27,1762200
2001-04-27,7.26,7.43,7.24,7.33,7.33,2738600
2001-04-30,7.31,7.33,6.97,6.97,6.97,7833600
2001-05-01,7.0,7.41,6.98,7.33,7.33,3089600
2001-05-02,7.37,7.57,7.33,7.49,7.49,2129400
2001-05-03,7.47,7.78,7.44,7.53,7.53,2917400
2001-05-04,7.5,8.03,7.35,7.83,7.83,6571400
2001-05-07,7.87,7.9,7.58,7.85,7.85,3345200
2001-05-08,7.85,7.9,7.8,7.84,7.84,1845200
2001-05-09,7.83,7.83,7.62,7.62,7.62,1564800
2001-05-10,7.68,7.81,7.68,7.81,7.81,2583200
2001-05-11,7.81,7.85,7.57,7.58,7.58,3323600
2001-05-14,7.57,7.57,7.25,7.43,7.43,2686400
2001-05-15,7.33,7.88,7.33,7.85,7.85,2573000
2001-05-16,7.84,8.03,7.72,8.03,8.03,3141200
2001-05-17,8.04,8.27,8.04,8.17,8.17,1844400
2001-05-18,8.16,8.2,8.07,8.15,8.15,2062200
2001-05-21,8.2,8.88,8.17,8.87,8.87,3105600
2001-05-22,8.89,8.9,8.52,8.56,8.56,2427200
2001-05-23,8.6,8.6,8.23,8.25,8.25,1770600
2001-05-24,8.33,8.4,8.21,8.37,8.37,2009600
2001-05-25,8.55,9.25,8.53,8.72,8.72,6900200
2001-05-29,8.7,8.93,8.55,8.55,8.55,4620200
2001-05-30,8.56,8.65,8.12,8.16,8.16,4203000
2001-05-31,8.22,8.66,8.2,8.59,8.59,3458400
2001-06-01,8.59,8.78,8.37,8.58,8.58,1997400
2001-06-04,8.57,8.63,8.39,8.39,8.39,2447600
2001-06-05,8.39,8.78,8.39,8.78,8.78,2680800
2001-06-06,8.76,8.88,8.7,8.75,8.75,2490600
2001-06-07,8.75,8.75,8.41,8.43,8.43,3020000
2001-06-08,8.42,8.48,8.27,8.28,8.28,1727000
2001-06-11,8.28,8.3,8.13,8.16,8.16,781800
2001-06-12,8.17,8.55,8.08,8.53,8.53,1932200
2001-06-13,8.52,8.53,8.33,8.53,8.53,2135400
2001-06-14,8.53,8.63,8.38,8.38,8.38,1931000
2001-06-15,8.37,8.39,8.17,8.38,8.38,2737200
2001-06-18,8.38,8.41,8.17,8.17,8.17,1351800
2001-06-19,8.23,8.52,8.22,8.37,8.37,2804000
2001-06-20,8.37,8.45,8.32,8.38,8.38,2201000
2001-06-21,8.38,8.62,8.32,8.44,8.44,3326600
2001-06-22,8.44,8.65,8.32,8.64,8.64,2748000
2001-06-25,8.62,8.84,8.53,8.64,8.64,4479600
2001-06-26,8.62,8.67,8.47,8.56,8.56,5216600
2001-06-27,8.58,8.67,8.54,8.61,8.61,3775800
2001-06-28,8.61,9.07,8.61,8.95,8.95,5179400
2001-06-29,8.95,9.28,8.94,9.28,9.28,7533200
2001-07-02,9.2,9.43,8.97,9.26,9.26,3137600
2001-07-03,9.25,9.38,9.22,9.38,9.38,2874800
2001-07-05,9.44,10.17,9.43,10.0,10.0,14112200
2001-07-06,10.02,10.73,9.85,10.42,10.42,9694400
2001-07-09,10.43,10.83,10.07,10.7,10.7,11010800
2001-07-10,10.55,10.7,10.35,10.46,10.46,7536000
2001-07-11,10.38,10.41,10.17,10.27,10.27,8037800
2001-07-12,10.33,10.68,10.32,10.66,10.66,4088600
2001-07-13,10.58,10.7,10.57,10.63,10.63,4704800
2001-07-16,10.65,10.77,10.58,10.68,10.68,5305400
2001-07-17,10.7,10.87,10.68,10.85,10.85,2881200
2001-07-18,10.85,10.9,10.74,10.8,10.8,3411800
2001-07-19,10.81,11.08,10.81,11.07,11.07,4296800
2001-07-20,11.0,11.63,10.99,11.51,11.51,3790400
2001-07-23,11.5,11.65,11.3,11.4,11.4,6620600
2001-07-24,11.33,11.33,10.84,11.04,11.04,5493200
2001-07-25,9.16,9.25,8.63,8.99,8.99,21604800
2001-07-26,8.95,9.1,8.28,8.6,8.6,12757400
2001-07-27,8.47,8.7,8.46,8.57,8.57,3704400
2001-07-30,8.5,8.82,8.5,8.78,8.78,2334800
2001-07-31,8.72,8.75,8.61,8.68,8.68,2347200
2001-08-01,8.68,8.71,8.5,8.69,8.69,3447000
2001-08-02,8.67,8.69,8.18,8.32,8.32,5728400
2001-08-03,8.32,8.47,8.29,8.44,8.44,2825600
2001-08-06,8.47,8.48,8.25,8.35,8.35,2451800
2001-08-07,8.3,8.53,8.22,8.5,8.5,1413200
2001-08-08,8.47,8.6,8.3,8.42,8.42,3130400
2001-08-09,8.46,8.82,8.28,8.82,8.82,8042400
2001-08-10,8.77,8.81,8.4,8.56,8.56,3139800
2001-08-13,8.59,8.65,8.48,8.62,8.62,2246400
2001-08-14,8.62,8.75,8.5,8.52,8.52,3104400
2001-08-15,8.5,8.53,8.42,8.5,8.5,1902600
2001-08-16,8.45,8.5,8.35,8.43,8.43,1870200
2001-08-17,8.42,8.48,8.23,8.33,8.33,2017800
2001-08-20,8.33,8.46,8.32,8.42,8.42,1652400
2001-08-21,8.43,8.51,8.29,8.33,8.33,2490000
2001-08-22,8.34,8.39,7.73,7.94,7.94,7324400
2001-08-23,8.0,8.04,7.63,7.75,7.75,4035600
2001-08-24,7.75,8.1,7.75,8.0,8.0,2494400
2001-08-27,7.96,8.07,7.79,7.87,7.87,2421000
2001-08-28,7.85,7.92,7.56,7.56,7.56,2933600
2001-08-29,7.59,7.75,7.28,7.75,7.75,2423000
2001-08-30,7.71,7.75,7.54,7.6,7.6,2833400
2001-08-31,7.61,7.92,7.59,7.91,7.91,2453600
2001-09-04,7.91,8.43,7.91,8.23,8.23,3495000
2001-09-05,8.28,8.33,7.9,7.94,7.94,3200000
2001-09-06,7.95,8.02,7.7,7.82,7.82,3507800
2001-09-07,7.77,7.82,7.53,7.73,7.73,3864600
2001-09-10,7.73,7.78,7.39,7.48,7.48,3090200
2001-09-17,7.34,7.35,6.6,6.6,6.6,6271800
2001-09-18,6.7,6.76,6.33,6.45,6.45,9523800
2001-09-19,6.47,6.6,5.96,6.1,6.1,11021600
2001-09-20,6.1,6.19,5.99,6.16,6.16,3477000
2001-09-21,6.05,6.1,5.81,6.09,6.09,4054800
2001-09-24,6.12,6.53,6.11,6.49,6.49,4182000
2001-09-25,6.5,6.5,6.18,6.3,6.3,7238400
2001-09-26,6.35,6.39,5.83,5.89,5.89,3531000
2001-09-27,5.87,5.9,5.45,5.88,5.88,10752600
2001-09-28,5.9,6.33,5.88,6.3,6.3,5561600
2001-10-01,6.28,6.37,6.07,6.27,6.27,2386400
2001-10-02,6.28,6.35,6.2,6.26,6.26,1615200
2001-10-03,6.26,6.77,6.19,6.72,6.72,8188200
2001-10-04,7.07,7.27,6.83,7.0,7.0,6875600
2001-10-05,6.95,7.0,6.6,6.7,6.7,3061200
2001-10-08,6.67,6.92,6.63,6.9,6.9,2738600
2001-10-09,6.6,6.72,6.51,6.71,6.71,3347400
2001-10-10,6.71,7.1,6.68,7.08,7.08,4766400
2001-10-11,7.07,7.63,7.07,7.44,7.44,3244800
2001-10-12,7.45,7.65,7.15,7.37,7.37,3200400
2001-10-15,7.42,7.42,7.18,7.26,7.26,2574200
2001-10-16,7.28,7.39,7.1,7.33,7.33,1995000
2001-10-17,7.31,7.53,7.07,7.2,7.2,3547400
2001-10-18,7.28,7.39,7.12,7.25,7.25,1069200
2001-10-19,7.31,7.63,7.1,7.53,7.53,2246400
2001-10-22,7.57,7.71,7.48,7.54,7.54,3443000
2001-10-23,7.75,8.18,7.58,7.63,7.63,5504400
2001-10-24,7.92,8.08,7.74,8.01,8.01,8950200
2001-10-25,7.99,8.06,7.68,8.05,8.05,4598600
2001-10-26,8.02,8.31,8.02,8.1,8.1,2579000
2001-10-29,8.17,8.17,7.75,7.84,7.84,2473800
2001-10-30,7.82,7.82,7.43,7.7,7.7,2413800
2001-10-31,7.8,7.83,7.48,7.49,7.49,3326000
2001-11-01,7.48,7.77,7.28,7.67,7.67,4868000
2001-11-02,7.63,7.82,7.34,7.62,7.62,3732200
2001-11-05,7.59,7.92,7.59,7.83,7.83,2289800
2001-11-06,7.83,8.14,7.75,8.07,8.07,1628600
2001-11-07,8.06,8.28,8.05,8.15,8.15,1785600
2001-11-08,8.15,8.54,8.1,8.53,8.53,3494000
2001-11-09,8.53,8.75,8.43,8.6,8.6,5481200
2001-11-12,8.6,8.6,8.25,8.53,8.53,2378000
2001-11-13,8.56,9.03,8.53,9.0,9.0,1926600
2001-11-14,9.08,9.29,8.87,8.99,8.99,3944600
2001-11-15,8.98,9.31,8.94,9.15,9.15,2501000
2001-11-16,9.14,9.23,8.87,8.99,8.99,3219200
2001-11-19,9.0,9.33,9.0,9.24,9.24,1887200
2001-11-20,9.3,9.33,9.09,9.21,9.21,1610400
2001-11-21,9.11,9.27,9.0,9.27,9.27,919400
2001-11-23,9.27,9.42,9.2,9.36,9.36,629600
2001-11-26,9.4,9.56,9.33,9.56,9.56,1743600
2001-11-27,9.58,9.92,9.33,9.85,9.85,5190800
2001-11-28,9.8,9.83,9.64,9.66,9.66,4609400
2001-11-29,9.73,9.74,9.47,9.56,9.56,3266600
2001-11-30,9.53,9.6,9.31,9.35,9.35,3456200
2001-12-03,9.34,9.35,8.94,8.94,8.94,2385800
2001-12-04,8.97,9.03,8.82,8.91,8.91,4246200
2001-12-05,8.88,9.34,8.87,9.23,9.23,3659600
2001-12-06,9.25,9.5,9.07,9.5,9.5,4785200
2001-12-07,9.43,9.53,9.33,9.48,9.48,3016800
2001-12-10,9.39,9.46,9.25,9.3,9.3,3909800
2001-12-11,9.35,9.35,9.04,9.08,9.08,2007200
2001-12-12,9.16,9.16,8.62,8.81,8.81,3594000
2001-12-13,8.76,8.76,8.33,8.34,8.34,4749800
2001-12-14,8.36,8.69,8.26,8.69,8.69,4586400
2001-12-17,8.66,8.67,8.38,8.38,8.38,3859200
2001-12-18,8.42,8.55,8.42,8.52,8.52,4566800
2001-12-19,8.5,9.27,8.42,9.15,9.15,5081600
2001-12-20,9.15,9.8,9.15,9.7,9.7,8912600
2001-12-21,9.8,10.2,9.67,10.11,10.11,7667600
2001-12-24,10.19,10.21,10.0,10.14,10.14,1961400
2001-12-26,10.03,10.43,10.02,10.27,10.27,2669400
2001-12-27,10.29,10.47,10.29,10.42,10.42,2577200
2001-12-28,10.43,10.62,10.39,10.53,10.53,2140400
2001-12-31,10.55,10.55,10.25,10.3,10.3,2760000
2002-01-02,10.33,10.43,10.08,10.2,10.2,1978200
2002-01-03,10.2,10.25,9.95,10.12,10.12,3203600
2002-01-04,10.15,10.25,9.99,10.07,10.07,4050800
2002-01-07,10.0,10.4,9.64,9.91,9.91,5038200
2002-01-08,9.95,9.96,9.48,9.53,9.53,6130400
2002-01-09,9.56,9.79,9.44,9.58,9.58,2090600
2002-01-10,9.53,9.77,9.52,9.65,9.65,4323200
2002-01-11,9.65,9.67,9.35,9.37,9.37,5776400
2002-01-14,9.22,9.35,9.15,9.18,9.18,3302400
2002-01-15,9.13,9.58,8.99,9.31,9.31,2502600
2002-01-16,9.26,9.76,9.25,9.7,9.7,3978000
2002-01-17,9.76,10.0,9.62,9.97,9.97,4342200
2002-01-18,9.95,10.0,9.58,9.7,9.7,2517000
2002-01-22,9.69,10.01,9.64,9.73,9.73,4094400
2002-01-23,9.75,9.76,9.58,9.65,9.65,4250600
2002-01-24,9.67,9.89,9.65,9.69,9.69,2516600
2002-01-25,9.92,10.98,9.92,10.93,10.93,19038800
2002-01-28,10.86,11.32,10.86,11.08,11.08,8579600
2002-01-29,11.06,11.25,10.73,10.92,10.92,3667400
2002-01-30,10.92,11.05,10.54,11.0,11.0,3713000
2002-01-31,11.06,11.2,10.97,11.0,11.0,2265600
2002-02-01,10.99,11.17,10.61,10.98,10.98,3183800
2002-02-04,10.98,10.98,10.42,10.51,10.51,1489200
2002-02-05,10.5,10.68,10.35,10.55,10.55,2092400
2002-02-06,10.57,10.82,10.56,10.67,10.67,2767400
2002-02-07,10.7,10.82,10.4,10.45,10.45,2056200
2002-02-08,10.5,10.53,10.37,10.43,10.43,1133400
2002-02-11,10.62,10.96,10.53,10.93,10.93,1892600
2002-02-12,10.92,10.93,10.59,10.7,10.7,1623800
2002-02-13,10.68,10.77,10.37,10.4,10.4,4538600
2002-02-14,10.47,10.53,10.3,10.45,10.45,2106000
2002-02-15,10.42,10.46,10.14,10.28,10.28,4721600
2002-02-19,10.27,10.28,10.03,10.03,10.03,1881800
2002-02-20,10.03,10.23,9.78,9.96,9.96,1585200
2002-02-21,9.95,10.5,9.9,10.25,10.25,2180400
2002-02-22,10.33,10.34,9.55,9.75,9.75,2894600
2002-02-25,9.77,10.28,9.77,10.2,10.2,1893800
2002-02-26,10.24,10.48,10.05,10.42,10.42,1269800
2002-02-27,10.44,10.77,10.43,10.67,10.67,3252600
2002-02-28,10.71,10.84,10.6,10.68,10.68,3259200
2002-03-01,10.68,10.71,10.46,10.65,10.65,1309800
2002-03-04,10.61,10.96,10.6,10.83,10.83,2561400
2002-03-05,10.93,10.93,10.23,10.46,10.46,2148600
2002-03-06,10.58,10.67,10.02,10.45,10.45,3829800
2002-03-07,10.46,10.61,10.15,10.33,10.33,2303000
2002-03-08,10.38,10.63,10.35,10.51,10.51,1690800
2002-03-11,10.53,10.64,10.35,10.54,10.54,1741200
2002-03-12,10.55,10.83,10.4,10.75,10.75,1351400
2002-03-13,10.78,10.79,10.54,10.59,10.59,1560000
2002-03-14,10.62,10.78,10.56,10.68,10.68,1377200
2002-03-15,10.61,11.33,10.6,11.27,11.27,6350600
2002-03-18,11.7,11.72,11.02,11.15,11.15,7802600
2002-03-19,11.19,11.64,11.12,11.56,11.56,6852000
2002-03-20,11.6,11.67,11.37,11.66,11.66,2616000
2002-03-21,11.6,11.6,11.25,11.47,11.47,3072200
2002-03-22,11.46,11.47,11.21,11.27,11.27,3864600
2002-03-25,11.32,11.33,10.86,10.92,10.92,2867600
2002-03-26,11.07,11.13,10.92,11.0,11.0,1765800
2002-03-27,11.0,11.03,10.8,10.9,10.9,2356800
2002-03-28,10.94,11.07,10.93,10.94,10.94,3368600
2002-04-01,10.95,10.98,10.22,10.67,10.67,3151800
2002-04-02,10.62,10.75,10.45,10.62,10.62,2740800
2002-04-03,10.62,10.65,10.35,10.55,10.55,2840600
2002-04-04,10.53,10.97,10.53,10.9,10.9,2569400
2002-04-05,10.94,11.07,10.88,11.01,11.01,3083400
2002-04-08,11.0,11.21,10.88,11.16,11.16,2743200
2002-04-09,11.31,11.43,10.96,11.0,11.0,3645600
2002-04-10,11.04,11.12,10.83,11.06,11.06,5578200
2002-04-11,11.07,11.2,10.79,10.81,10.81,2187000
2002-04-12,10.83,11.1,10.8,11.0,11.0,2376200
2002-04-15,11.05,11.1,10.9,10.92,10.92,1094400
2002-04-16,10.98,11.17,10.97,11.1,11.1,1828800
2002-04-17,11.1,11.24,10.89,11.1,11.1,2672000
2002-04-18,11.1,11.27,10.95,11.14,11.14,1896000
2002-04-19,11.13,11.24,10.97,11.21,11.21,1157600
2002-04-22,11.19,11.23,10.83,10.97,10.97,1299800
2002-04-23,10.92,11.19,10.76,11.13,11.13,2697800
2002-04-24,11.17,11.25,10.86,10.94,10.94,2045000
2002-04-25,10.93,11.23,10.88,11.13,11.13,1696200
2002-04-26,11.62,12.4,11.57,12.27,12.27,13839600
2002-04-29,12.38,12.87,12.29,12.86,12.86,7052600
2002-04-30,12.38,12.74,12.07,12.71,12.71,5237600
2002-05-01,12.73,12.87,12.62,12.69,12.69,4384400
2002-05-02,12.7,12.78,12.67,12.71,12.71,3492000
2002-05-03,12.71,12.77,12.48,12.73,12.73,3454200
2002-05-06,12.78,13.14,12.58,12.72,12.72,3183600
2002-05-07,12.67,12.75,12.46,12.65,12.65,2842800
2002-05-08,12.7,12.94,12.27,12.69,12.69,2885000
2002-05-09,12.72,12.94,12.62,12.74,12.74,2255600
2002-05-10,12.8,12.97,12.75,12.86,12.86,1445000
2002-05-13,12.79,12.86,12.47,12.71,12.71,2409200
2002-05-14,12.72,13.25,12.71,13.1,13.1,2877600
2002-05-15,13.03,13.1,12.82,12.92,12.92,3486600
2002-05-16,12.97,13.0,12.77,12.97,12.97,1697000
2002-05-17,12.98,13.14,12.92,13.11,13.11,2414600
2002-05-20,13.14,13.23,12.94,12.97,12.97,1701800
2002-05-21,13.14,13.14,12.53,12.82,12.82,1601600
2002-05-22,12.77,12.82,12.5,12.67,12.67,3139800
2002-05-23,12.72,13.01,12.5,13.0,13.0,2370600
2002-05-24,12.9,13.07,12.52,12.54,12.54,1408200
2002-05-28,12.62,12.69,12.2,12.46,12.46,1652000
2002-05-29,12.45,12.67,12.34,12.43,12.43,1644600
2002-05-30,12.43,12.65,12.33,12.5,12.5,2817000
2002-05-31,13.06,13.67,12.92,13.42,13.42,37014600
2002-06-03,13.28,13.35,13.05,13.09,13.09,5915000
2002-06-04,13.09,13.33,12.8,13.0,13.0,3804600
2002-06-05,12.87,13.17,12.83,13.06,13.06,4276200
2002-06-06,13.2,13.28,12.95,13.0,13.0,2976600
2002-06-07,13.03,13.11,12.9,13.0,13.0,2170800
2002-06-10,13.0,13.35,12.98,13.2,13.2,3649200
2002-06-11,13.1,13.35,13.06,13.12,13.12,3867000
2002-06-12,13.17,13.33,13.12,13.32,13.32,2617200
2002-06-13,13.28,13.32,12.74,12.78,12.78,3781400
2002-06-14,12.72,12.78,12.28,12.5,12.5,3232800
2002-06-17,12.57,12.95,12.57,12.78,12.78,3703200
2002-06-18,12.75,12.75,12.55,12.62,12.62,3136400
2002-06-19,12.61,12.97,12.57,12.74,12.74,1931000
2002-06-20,12.76,12.91,12.52,12.58,12.58,1635600
2002-06-21,12.57,12.84,12.11,12.72,12.72,4067000
2002-06-24,12.77,13.11,12.3,12.96,12.96,4958400
2002-06-25,12.97,13.11,12.75,12.86,12.86,3408800
2002-06-26,12.7,12.78,12.32,12.61,12.61,3408600
2002-06-27,12.82,12.9,12.31,12.6,12.6,3656000
2002-06-28,12.75,13.34,12.7,13.14,13.14,4855800
2002-07-01,13.15,13.28,12.28,12.35,12.35,4685600
2002-07-02,12.34,12.42,12.1,12.16,12.16,5323800
2002-07-03,12.1,12.11,11.51,11.72,11.72,5265200
2002-07-05,11.83,12.61,11.83,12.56,12.56,1572000
2002-07-08,12.52,12.65,12.03,12.06,12.06,2973000
2002-07-09,12.0,12.0,11.05,11.1,11.1,11377400
2002-07-10,11.18,11.67,10.86,10.97,10.97,5195000
2002-07-11,11.0,11.3,10.77,11.19,11.19,3062000
2002-07-12,11.21,11.27,10.83,10.87,10.87,3296000
2002-07-15,10.92,11.04,9.87,10.7,10.7,5025000
2002-07-16,10.53,10.67,10.1,10.18,10.18,4060400
2002-07-17,10.29,10.68,9.75,10.13,10.13,4404200
2002-07-18,10.1,10.42,9.86,9.94,9.94,2739000
2002-07-19,9.93,10.0,9.55,9.65,9.65,3117600
2002-07-22,9.56,9.8,8.97,9.35,9.35,3138200
2002-07-23,9.36,9.59,9.2,9.27,9.27,3166800
2002-07-24,9.26,10.17,8.75,10.16,10.16,4555200
2002-07-25,10.09,10.12,9.37,9.83,9.83,3276200
2002-07-26,10.03,10.67,10.03,10.5,10.5,4906400
2002-07-29,10.54,11.26,10.51,11.15,11.15,3900200
2002-07-30,11.0,11.01,10.06,10.34,10.34,6912200
2002-07-31,10.2,10.42,10.08,10.4,10.4,5280200
2002-08-01,10.33,10.53,9.67,9.73,9.73,5275200
2002-08-02,9.65,9.65,8.87,9.1,9.1,4568000
2002-08-05,9.02,9.2,8.71,8.76,8.76,3503600
2002-08-06,8.9,9.61,8.89,9.39,9.39,4191000
2002-08-07,9.51,9.68,9.3,9.66,9.66,3928400
2002-08-08,9.56,9.65,8.64,9.58,9.58,5133600
2002-08-09,9.39,9.74,9.29,9.58,9.58,2324000
2002-08-12,9.49,9.5,8.65,8.94,8.94,6858800
2002-08-13,8.9,9.11,8.33,8.41,8.41,6118800
2002-08-14,8.37,9.13,8.33,9.13,9.13,8100800
2002-08-15,9.18,9.59,9.04,9.56,9.56,4713000
2002-08-16,9.5,9.91,9.35,9.8,9.8,3567200
2002-08-19,9.91,10.31,9.8,10.22,10.22,5250200
2002-08-20,10.22,10.33,9.97,10.19,10.19,2685600
2002-08-21,10.25,10.29,9.56,10.09,10.09,5154000
2002-08-22,10.12,10.12,9.71,9.9,9.9,2034600
2002-08-23,9.86,9.91,9.13,9.2,9.2,4708200
2002-08-26,9.37,9.44,8.99,9.37,9.37,3621000
2002-08-27,8.67,8.98,8.37,8.37,8.37,12790200
2002-08-28,8.38,8.59,8.3,8.33,8.33,5367200
2002-08-29,8.25,8.38,8.08,8.25,8.25,3455600
2002-08-30,8.24,8.5,8.17,8.2,8.2,2616600
2002-09-03,8.08,8.27,7.82,8.16,8.16,3803400
2002-09-04,8.19,8.56,7.9,8.5,8.5,5918600
2002-09-05,8.33,8.35,7.87,7.87,7.87,3326600
2002-09-06,7.92,8.38,7.91,8.3,8.3,3137400
2002-09-09,8.3,8.3,7.97,8.2,8.2,3785400
2002-09-10,8.23,8.23,7.8,7.95,7.95,3762600
2002-09-11,7.97,8.16,7.92,8.14,8.14,4117800
2002-09-12,8.12,8.12,7.63,7.7,7.7,5207600
2002-09-13,7.67,7.67,7.31,7.36,7.36,5033600
2002-09-16,7.33,7.46,7.23,7.45,7.45,5283200
2002-09-17,7.92,8.24,7.82,8.11,8.11,9919200
2002-09-18,8.09,8.13,7.72,7.98,7.98,6944000
2002-09-19,7.87,7.89,7.7,7.79,7.79,3887000
2002-09-20,7.78,7.86,7.63,7.81,7.81,5539200
2002-09-23,7.75,7.78,7.62,7.71,7.71,3384000
2002-09-24,7.65,7.74,7.38,7.49,7.49,3054600
2002-09-25,7.58,7.95,7.52,7.89,7.89,2676600
2002-09-26,7.9,8.2,7.9,8.06,8.06,2764800
2002-09-27,8.0,8.19,7.75,7.75,7.75,2118600
2002-09-30,7.55,7.58,7.04,7.35,7.35,4536200
2002-10-01,7.35,7.63,7.01,7.42,7.42,6488000
2002-10-02,7.4,7.46,7.03,7.03,7.03,4314600
2002-10-03,7.03,7.05,6.79,6.95,6.95,3668400
2002-10-04,6.96,7.28,6.76,7.18,7.18,4547400
2002-10-07,7.15,7.16,6.42,6.52,6.52,6603600
2002-10-08,6.63,7.1,6.36,6.81,6.81,8746400
2002-10-09,6.6,6.75,6.45,6.59,6.59,4517400
2002-10-10,6.61,6.92,6.37,6.7,6.7,6220400
2002-10-11,6.82,7.16,6.6,7.14,7.14,5728200
2002-10-14,7.13,7.41,6.89,7.0,7.0,5968400
2002-10-15,7.3,8.04,7.12,7.95,7.95,9123800
2002-10-16,7.76,7.94,7.49,7.63,7.63,3246600
2002-10-17,8.0,8.17,7.88,8.07,8.07,3705600
2002-10-18,7.99,8.41,7.79,8.37,8.37,3552200
2002-10-21,8.34,8.5,7.99,8.39,8.39,3034400
2002-10-22,8.36,8.56,8.03,8.06,8.06,3213600
2002-10-23,8.08,8.52,7.91,8.33,8.33,5334200
2002-10-24,8.28,8.5,7.88,7.94,7.94,3448400
2002-10-25,7.98,8.81,7.97,8.78,8.78,8521400
2002-10-28,9.49,9.5,8.79,9.1,9.1,10289400
2002-10-29,9.11,9.18,8.6,9.0,9.0,6011600
2002-10-30,9.05,9.08,8.7,8.77,8.77,4708800
2002-10-31,8.83,8.91,8.53,8.76,8.76,3770600
2002-11-01,8.77,8.96,8.52,8.85,8.85,3464000
2002-11-04,9.02,9.04,8.59,8.65,8.65,2898600
2002-11-05,8.67,8.87,8.53,8.87,8.87,3437600
2002-11-06,8.9,9.06,8.75,8.98,8.98,2948000
2002-11-07,8.92,9.03,8.48,8.56,8.56,2880800
2002-11-08,8.56,8.83,8.33,8.51,8.51,2805200
2002-11-11,8.5,8.5,8.06,8.14,8.14,2526200
2002-11-12,8.18,8.6,7.9,8.37,8.37,3755400
2002-11-13,8.4,8.64,8.11,8.58,8.58,5857400
2002-11-14,8.65,9.19,8.65,9.04,9.04,4411200
2002-11-15,9.01,9.21,8.97,9.12,9.12,4154000
2002-11-18,9.14,9.31,9.07,9.13,9.13,2988600
2002-11-19,9.11,9.27,8.6,8.72,8.72,6257400
2002-11-20,8.74,9.0,8.61,9.0,9.0,3414000
2002-11-21,9.02,9.29,9.0,9.23,9.23,3026000
2002-11-22,9.22,9.28,9.0,9.09,9.09,2556200
2002-11-25,9.08,9.32,9.0,9.27,9.27,2812400
2002-11-26,9.26,9.3,8.92,8.99,8.99,2742600
2002-11-27,8.97,9.77,8.93,9.57,9.57,3942800
2002-11-29,9.61,9.86,9.5,9.78,9.78,2404400
2002-12-02,9.93,10.2,9.43,9.57,9.57,3275400
2002-12-03,9.55,9.7,9.38,9.41,9.41,2033600
2002-12-04,9.58,9.73,9.3,9.49,9.49,3323400
2002-12-05,9.56,9.7,9.32,9.42,9.42,3753600
2002-12-06,9.31,9.72,9.3,9.63,9.63,2871000
2002-12-09,9.59,9.6,9.1,9.12,9.12,3983400
2002-12-10,9.21,9.46,9.19,9.21,9.21,3346200
2002-12-11,9.17,9.2,8.97,9.06,9.06,5672000
2002-12-12,9.12,9.16,8.78,9.02,9.02,3522800
2002-12-13,8.98,8.99,8.62,8.77,8.77,3186800
2002-12-16,8.78,9.21,8.76,8.97,8.97,3336600
2002-12-17,8.97,9.02,8.62,8.7,8.7,3352800
2002-12-18,8.69,8.7,8.26,8.41,8.41,4999800
2002-12-19,8.35,8.43,8.03,8.39,8.39,4991000
2002-12-20,8.5,8.7,8.36,8.41,8.41,3767000
2002-12-23,8.16,8.47,8.09,8.19,8.19,2282600
2002-12-24,8.17,8.21,7.98,8.15,8.15,1819200
2002-12-26,8.15,8.33,8.15,8.22,8.22,1867800
2002-12-27,8.23,8.28,8.11,8.14,8.14,1572600
2002-12-30,8.17,8.35,7.94,8.23,8.23,2146800
2002-12-31,8.25,8.33,8.16,8.19,8.19,1814400
2003-01-02,8.17,8.7,8.17,8.58,8.58,3075200
2003-01-03,8.54,8.63,8.33,8.43,8.43,5176800
2003-01-06,8.44,8.64,8.28,8.42,8.42,6669200
2003-01-07,8.67,9.13,8.64,8.9,8.9,12074400
2003-01-08,8.87,8.87,8.65,8.69,8.69,5110800
2003-01-09,8.75,9.06,8.7,8.89,8.89,5806400
2003-01-10,8.84,9.15,8.8,9.14,9.14,3671000
2003-01-13,9.16,9.32,8.91,9.06,9.06,6103200
2003-01-14,9.07,9.25,8.91,9.03,9.03,2438000
2003-01-15,9.05,9.1,8.88,8.88,8.88,3583400
2003-01-16,8.88,9.03,8.75,8.82,8.82,2051000
2003-01-17,8.76,8.9,8.64,8.67,8.67,1786800
2003-01-21,8.69,8.72,8.2,8.25,8.25,2793600
2003-01-22,8.21,8.49,8.04,8.11,8.11,4968200
2003-01-23,8.21,8.42,8.11,8.38,8.38,3224000
2003-01-24,7.93,7.93,7.07,7.57,7.57,22813800
2003-01-27,7.54,7.57,7.15,7.51,7.51,7619000
2003-01-28,7.55,7.56,7.34,7.45,7.45,5205200
2003-01-29,7.41,7.55,7.29,7.52,7.52,5567000
2003-01-30,7.51,7.57,7.24,7.26,7.26,4512800
2003-01-31,7.21,7.36,7.17,7.32,7.32,4828800
2003-02-03,7.34,7.38,7.31,7.34,7.34,4844600
2003-02-04,7.32,7.33,7.13,7.23,7.23,4728800
2003-02-05,7.29,7.46,7.2,7.33,7.33,4071600
2003-02-06,7.28,7.37,7.13,7.24,7.24,4070000
2003-02-07,7.3,7.31,7.0,7.02,7.02,4033400
2003-02-10,7.03,7.14,6.85,7.11,7.11,5310000
2003-02-11,7.14,7.19,7.01,7.04,7.04,4556600
2003-02-12,7.05,7.08,6.95,6.97,6.97,3675600
2003-02-13,7.01,7.01,6.78,6.92,6.92,2467400
2003-02-14,6.93,7.18,6.85,7.17,7.17,2772800
2003-02-18,7.18,7.26,7.04,7.24,7.24,2393600
2003-02-19,7.26,7.3,6.92,7.0,7.0,1987400
2003-02-20,7.06,7.07,6.89,6.91,6.91,2194200
2003-02-21,6.93,6.95,6.77,6.84,6.84,5122200
2003-02-24,6.77,6.82,6.6,6.64,6.64,4183800
2003-02-25,6.59,6.67,6.43,6.61,6.61,4392200
2003-02-26,6.56,6.62,6.44,6.45,6.45,3179400
2003-02-27,6.51,6.86,6.5,6.84,6.84,3855200
2003-02-28,6.8,6.95,6.77,6.88,6.88,2517600
2003-03-03,7.07,7.07,6.71,6.72,6.72,2654000
2003-03-04,6.72,6.73,6.39,6.39,6.39,2697600
2003-03-05,6.43,6.43,5.8,6.19,6.19,11658000
2003-03-06,6.18,6.26,6.07,6.14,6.14,6545000
2003-03-07,6.1,6.27,6.0,6.19,6.19,4362200
2003-03-10,6.21,6.24,6.09,6.13,6.13,2389400
2003-03-11,6.23,6.33,6.14,6.25,6.25,3401400
2003-03-12,6.24,6.34,6.19,6.28,6.28,5809800
2003-03-13,6.42,6.71,6.35,6.68,6.68,5115200
2003-03-14,6.69,6.69,6.54,6.61,6.61,3472400
2003-03-17,6.65,7.2,6.61,7.19,7.19,8268600
2003-03-18,7.2,7.39,7.15,7.37,7.37,5010000
2003-03-19,7.37,7.37,6.91,7.04,7.04,7509000
2003-03-20,6.95,7.03,6.68,6.88,6.88,6178200
2003-03-21,7.02,7.17,6.85,7.16,7.16,5052800
2003-03-24,7.0,7.17,6.65,6.67,6.67,4754400
2003-03-25,6.7,6.92,6.64,6.83,6.83,3879800
2003-03-26,6.77,6.93,6.74,6.85,6.85,2626800
2003-03-27,6.8,6.87,6.65,6.66,6.66,4602000
2003-03-28,6.65,6.73,6.63,6.66,6.66,2097200
2003-03-31,6.58,6.73,6.5,6.63,6.63,3769200
2003-04-01,6.63,6.65,6.47,6.51,6.51,3492000
2003-04-02,6.63,6.93,6.62,6.9,6.9,3664400
2003-04-03,7.12,7.13,6.9,6.99,6.99,3508200
2003-04-04,7.01,7.02,6.8,6.82,6.82,3526200
2003-04-07,6.92,7.07,6.77,6.77,6.77,4574600
2003-04-08,6.74,7.07,6.71,6.95,6.95,7359000
2003-04-09,7.01,7.02,6.87,6.87,6.87,4988400
2003-04-10,6.9,7.21,6.85,7.19,7.19,7051200
2003-04-11,7.12,7.38,7.12,7.25,7.25,6685200
2003-04-14,7.28,7.42,7.12,7.41,7.41,4854800
2003-04-15,7.42,7.72,7.34,7.68,7.68,5688800
2003-04-16,7.72,7.84,7.62,7.67,7.67,5076000
2003-04-17,7.7,7.97,7.67,7.97,7.97,5945400
2003-04-21,7.96,7.96,7.84,7.91,7.91,3313800
2003-04-22,7.92,8.11,7.79,8.1,8.1,5240000
2003-04-23,8.09,8.11,7.92,8.04,8.04,3176400
2003-04-24,7.96,8.02,7.85,7.98,7.98,2757200
2003-04-25,7.93,7.97,7.76,7.77,7.77,3182000
2003-04-28,7.78,7.93,7.77,7.9,7.9,5115200
2003-04-29,8.51,8.54,8.15,8.38,8.38,9194000
2003-04-30,8.37,8.54,8.33,8.48,8.48,5232200
2003-05-01,8.4,8.44,8.16,8.37,8.37,4394600
2003-05-02,8.37,8.72,8.37,8.67,8.67,6593400
2003-05-05,8.74,8.91,8.7,8.79,8.79,6938400
2003-05-06,8.83,9.28,8.81,9.17,9.17,8749200
2003-05-07,9.07,9.26,9.07,9.17,9.17,5724200
2003-05-08,8.98,9.18,8.88,8.93,8.93,7298400
2003-05-09,8.94,8.95,8.7,8.83,8.83,5209400
2003-05-12,8.8,9.06,8.73,9.04,9.04,5163200
2003-05-13,8.9,8.93,8.68,8.73,8.73,4837400
2003-05-14,8.76,8.78,8.29,8.47,8.47,8990000
2003-05-15,8.49,8.53,8.33,8.45,8.45,4647000
2003-05-16,8.55,8.85,8.52,8.58,8.58,5660000
2003-05-19,8.47,8.58,8.3,8.31,8.31,4054200
2003-05-20,8.39,8.54,8.27,8.31,8.31,2533400
2003-05-21,8.32,8.58,8.27,8.56,8.56,4426200
2003-05-22,8.43,8.81,8.42,8.7,8.7,3808200
2003-05-23,8.68,8.77,8.65,8.68,8.68,2893800
2003-05-27,8.68,8.75,8.59,8.73,8.73,4482200
2003-05-28,8.8,8.97,8.75,8.93,8.93,3567200
2003-05-29,9.02,9.33,9.01,9.23,9.23,8886000
2003-05-30,9.58,9.78,9.43,9.67,9.67,12143000
2003-06-02,9.68,9.85,9.45,9.6,9.6,5918000
2003-06-03,9.6,9.68,9.43,9.66,9.66,4796600
2003-06-04,9.65,9.83,9.61,9.72,9.72,5543000
2003-06-05,9.68,10.45,9.65,10.2,10.2,10233600
2003-06-06,10.26,10.35,10.05,10.08,10.08,4594800
2003-06-09,10.1,10.27,9.97,10.07,10.07,3402600
2003-06-10,10.13,10.45,10.08,10.45,10.45,6447200
2003-06-11,10.43,10.88,10.38,10.81,10.81,5701200
2003-06-12,10.85,11.27,10.77,11.05,11.05,12156800
2003-06-13,11.05,11.08,10.57,10.63,10.63,6800000
2003-06-16,10.6,11.0,10.57,10.95,10.95,5059800
2003-06-17,11.05,11.05,10.68,10.9,10.9,3685200
2003-06-18,10.87,10.88,10.63,10.67,10.67,4211600
2003-06-19,10.64,10.88,10.36,10.38,10.38,3820400
2003-06-20,10.46,10.64,10.34,10.5,10.5,2853000
2003-06-23,10.47,10.51,10.24,10.33,10.33,3624000
2003-06-24,10.29,10.62,10.26,10.53,10.53,3298800
2003-06-25,10.53,10.83,10.5,10.61,10.61,3804600
2003-06-26,10.63,10.94,10.48,10.83,10.83,3567600
2003-06-27,10.82,10.82,10.49,10.63,10.63,3963000
2003-06-30,10.63,10.82,10.56,10.59,10.59,4168200
2003-07-01,10.54,10.88,10.35,10.86,10.86,4844600
2003-07-02,10.88,11.16,10.84,11.15,11.15,4397000
2003-07-03,11.06,11.43,11.0,11.27,11.27,3257000
2003-07-07,11.36,11.66,11.33,11.46,11.46,5665800
2003-07-08,11.52,11.73,11.22,11.53,11.53,10254600
2003-07-09,11.45,11.65,11.37,11.49,11.49,4863800
2003-07-10,11.42,11.44,11.21,11.36,11.36,2857200
2003-07-11,11.35,11.5,11.35,11.45,11.45,3569400
2003-07-14,11.64,11.86,11.55,11.79,11.79,5463200
2003-07-15,11.84,12.17,11.83,12.02,12.02,6354200
2003-07-16,12.15,12.15,11.52,11.78,11.78,3892400
2003-07-17,11.7,11.81,11.39,11.47,11.47,3615000
2003-07-18,11.56,11.58,11.3,11.45,11.45,2888000
2003-07-21,11.4,11.43,11.17,11.24,11.24,2051000
2003-07-22,11.33,11.5,11.14,11.41,11.41,3316200
2003-07-23,11.46,11.46,10.92,11.18,11.18,4969200
2003-07-24,11.25,11.59,11.16,11.44,11.44,5355200
2003-07-25,11.45,11.83,11.45,11.78,11.78,4371800
2003-07-28,11.79,12.01,11.6,11.9,11.9,4606800
2003-07-29,11.97,12.1,11.69,12.0,12.0,5402600
2003-07-30,11.99,12.35,11.98,12.29,12.29,6626000
2003-07-31,12.39,12.54,12.04,12.24,12.24,4991400
2003-08-01,12.26,12.39,12.06,12.27,12.27,4100400
2003-08-04,12.27,12.45,12.03,12.29,12.29,4464200
2003-08-05,12.21,12.21,11.9,11.93,11.93,5774600
2003-08-06,11.94,12.2,11.86,12.13,12.13,5236800
2003-08-07,12.18,12.18,11.6,11.82,11.82,10019000
2003-08-08,11.82,12.11,11.79,12.0,12.0,3406400
2003-08-11,11.96,12.33,11.9,12.21,12.21,3296000
2003-08-12,12.24,12.49,12.14,12.43,12.43,3286200
2003-08-13,12.45,12.5,12.24,12.34,12.34,3079800
2003-08-14,12.33,12.39,12.3,12.31,12.31,1973400
2003-08-15,12.31,12.46,12.25,12.33,12.33,1395000
2003-08-18,12.39,12.62,12.33,12.48,12.48,3032600
2003-08-19,12.52,12.64,12.48,12.56,12.56,3921000
2003-08-20,12.57,12.68,12.45,12.67,12.67,3574200
2003-08-21,12.67,12.93,12.59,12.67,12.67,4709000
2003-08-22,12.81,12.87,12.52,12.62,12.62,4074200
2003-08-25,12.58,12.61,12.41,12.54,12.54,4952400
2003-08-26,12.5,12.59,12.08,12.41,12.41,5943200
2003-08-27,12.86,13.1,12.78,12.9,12.9,13079400
2003-08-28,12.93,13.25,12.89,13.08,13.08,11016800
2003-08-29,13.07,13.12,12.86,13.07,13.07,4348800
2003-09-02,13.12,13.17,12.88,13.1,13.1,4171800
2003-09-03,13.13,13.13,12.61,12.78,12.78,8299200
2003-09-04,12.77,12.87,12.65,12.68,12.68,5956400
2003-09-05,12.71,12.72,12.13,12.2,12.2,5827400
2003-09-08,12.23,12.48,12.14,12.3,12.3,3348200
2003-09-09,12.27,12.27,11.78,11.92,11.92,5836400
2003-09-10,11.82,12.14,11.79,11.79,11.79,4413200
2003-09-11,11.78,12.0,11.61,11.9,11.9,3666200
2003-09-12,11.98,12.01,11.56,12.01,12.01,2286000
2003-09-15,12.04,12.07,11.55,11.63,11.63,6348200
2003-09-16,11.65,11.74,11.26,11.67,11.67,7345200
2003-09-17,11.73,11.92,11.65,11.7,11.7,3316400
2003-09-18,12.03,12.03,11.74,11.97,11.97,3675000
2003-09-19,12.09,12.3,11.67,12.09,12.09,4269600
2003-09-22,11.94,12.21,11.88,12.05,12.05,4244400
2003-09-23,12.06,12.38,12.03,12.37,12.37,3054200
2003-09-24,12.39,12.41,11.88,11.92,11.92,3092000
2003-09-25,11.99,12.1,11.61,11.65,11.65,3712400
2003-09-26,11.61,11.64,11.36,11.44,11.44,3306600
2003-09-29,11.54,11.58,11.21,11.33,11.33,3215000
2003-09-30,11.34,11.34,11.16,11.18,11.18,3286800
2003-10-01,11.17,11.64,11.17,11.45,11.45,3699000
2003-10-02,11.53,11.64,11.42,11.52,11.52,3952800
2003-10-03,11.68,11.93,11.44,11.5,11.5,5372400
2003-10-06,11.7,11.98,11.47,11.95,11.95,3443600
2003-10-07,11.92,12.09,11.83,11.96,11.96,3057800
2003-10-08,11.95,11.96,11.31,11.45,11.45,10517600
2003-10-09,11.72,11.96,11.69,11.77,11.77,5532200
2003-10-10,11.82,11.89,11.45,11.58,11.58,3073800
2003-10-13,11.73,12.01,11.71,11.98,11.98,3524000
2003-10-14,11.99,12.17,11.85,12.13,12.13,3058200
2003-10-15,12.25,12.26,11.97,12.07,12.07,1958600
2003-10-16,12.1,12.24,12.04,12.18,12.18,1609400
2003-10-17,12.22,12.23,11.76,11.76,11.76,2917800
2003-10-20,11.82,11.96,11.79,11.91,11.91,2962800
2003-10-21,11.99,12.55,11.96,12.44,12.44,6979200
2003-10-22,12.42,12.43,12.18,12.23,12.23,4081800
2003-10-23,12.18,12.59,12.1,12.5,12.5,4767000
2003-10-24,12.41,12.62,12.33,12.55,12.55,3774200
2003-10-27,12.6,12.67,12.33,12.56,12.56,2878800
2003-10-28,12.6,12.8,12.45,12.75,12.75,2427800
2003-10-29,12.83,12.83,12.56,12.67,12.67,2466800
2003-10-30,12.83,12.83,12.45,12.65,12.65,2916600
2003-10-31,12.72,12.79,12.58,12.76,12.76,2719200
2003-11-03,12.91,12.91,12.73,12.84,12.84,2278800
2003-11-04,12.77,12.79,12.68,12.75,12.75,2172000
2003-11-05,12.78,12.87,12.65,12.8,12.8,2485400
2003-11-06,12.47,12.58,12.14,12.29,12.29,6764400
2003-11-07,12.33,12.33,11.71,11.76,11.76,11709800
2003-11-10,11.78,11.81,11.09,11.18,11.18,11370800
2003-11-11,11.25,11.61,11.25,11.53,11.53,10329200
2003-11-12,11.56,11.88,11.53,11.83,11.83,5538600
2003-11-13,11.75,11.76,11.46,11.58,11.58,4636400
2003-11-14,11.67,11.79,11.34,11.36,11.36,3355400
2003-11-17,11.38,11.46,11.03,11.21,11.21,4557200
2003-11-18,11.23,11.5,11.02,11.03,11.03,2956200
2003-11-19,11.14,11.16,10.88,11.03,11.03,4644200
2003-11-20,11.01,11.25,10.88,10.99,10.99,3888800
2003-11-21,11.05,11.21,10.99,11.18,11.18,3119000
2003-11-24,11.44,11.66,11.37,11.52,11.52,3686400
2003-11-25,11.57,11.63,11.36,11.47,11.47,4260200
2003-11-26,10.78,10.92,10.37,10.54,10.54,30024200
2003-11-28,10.48,10.69,10.47,10.57,10.57,3565400
2003-12-01,10.68,10.92,10.63,10.92,10.92,10385000
2003-12-02,10.83,10.86,10.45,10.5,10.5,9880200
2003-12-03,10.56,10.72,10.22,10.28,10.28,5330400
2003-12-04,10.22,10.26,9.8,10.0,10.0,7650800
2003-12-05,10.0,10.25,9.85,9.92,9.92,5302400
2003-12-08,9.89,10.17,9.83,9.96,9.96,3648600
2003-12-09,10.11,10.17,9.9,9.92,9.92,4427600
2003-12-10,9.93,9.97,9.77,9.84,9.84,4874400
2003-12-11,9.82,10.08,9.79,10.0,10.0,5324600
2003-12-12,10.05,10.05,9.67,9.76,9.76,4298400
2003-12-15,10.01,10.02,9.51,9.56,9.56,5260200
2003-12-16,9.48,9.49,9.12,9.4,9.4,7309400
2003-12-17,9.39,9.93,9.35,9.81,9.81,5674200
2003-12-18,9.87,10.08,9.81,10.08,10.08,4239200
2003-12-19,10.14,10.16,9.9,9.98,9.98,3843800
2003-12-22,10.05,10.13,9.9,10.1,10.1,3510800
2003-12-23,10.17,10.17,9.83,10.15,10.15,4669800
2003-12-24,10.12,10.15,9.95,10.05,10.05,2275400
2003-12-26,10.08,10.13,10.01,10.07,10.07,542000
2003-12-29,10.11,10.16,10.04,10.09,10.09,3184800
2003-12-30,10.09,10.14,9.97,10.05,10.05,4827000
2003-12-31,10.04,10.16,9.93,10.02,10.02,4314200
2004-01-02,10.07,10.1,9.81,9.87,9.87,3580800
2004-01-05,9.86,10.01,9.63,9.86,9.86,4837400
2004-01-06,10.27,10.73,10.11,10.62,10.62,11469600
2004-01-07,10.65,10.76,10.47,10.68,10.68,5202800
2004-01-08,10.76,10.84,10.71,10.83,10.83,3685400
2004-01-09,10.65,11.07,10.65,10.88,10.88,4335800
2004-01-12,10.84,10.9,10.72,10.85,10.85,5447000
2004-01-13,10.83,11.0,10.65,10.78,10.78,4622600
2004-01-14,10.84,10.89,10.64,10.64,10.64,2816600
2004-01-15,10.63,10.71,10.4,10.55,10.55,2803800
2004-01-16,10.56,10.67,10.46,10.56,10.56,4174400
2004-01-20,10.57,10.67,10.5,10.6,10.6,2093000
2004-01-21,10.59,10.67,10.47,10.67,10.67,2430800
2004-01-22,10.62,10.8,10.55,10.63,10.63,2395400
2004-01-23,10.63,10.69,10.58,10.67,10.67,1557000
2004-01-26,10.64,10.8,10.59,10.79,10.79,2446200
2004-01-27,10.8,11.27,10.78,10.99,10.99,7018200
2004-01-28,11.03,11.08,10.5,10.6,10.6,3885200
2004-01-29,10.62,10.73,10.51,10.62,10.62,2625600
2004-01-30,10.66,10.67,10.42,10.64,10.64,7110200
2004-02-02,10.67,11.12,10.59,10.97,10.97,5451200
2004-02-03,10.97,11.08,10.85,10.9,10.9,2846400
2004-02-04,10.89,11.13,10.84,10.93,10.93,3044600
2004-02-05,10.99,11.1,10.77,10.88,10.88,1840800
2004-02-06,10.85,11.03,10.81,10.93,10.93,3240000
2004-02-09,10.89,11.17,10.87,11.11,11.11,2715600
2004-02-10,11.16,11.27,11.08,11.18,11.18,1569800
2004-02-11,11.26,11.32,11.17,11.24,11.24,2274000
2004-02-12,11.22,11.25,11.07,11.1,11.1,2026200
2004-02-13,11.05,11.15,10.87,10.93,10.93,2345000
2004-02-17,10.99,11.25,10.99,11.17,11.17,2128800
2004-02-18,11.13,11.15,10.99,11.04,11.04,1824800
2004-02-19,11.1,11.31,10.86,10.9,10.9,2856200
2004-02-20,10.87,11.15,10.67,10.93,10.93,3364200
2004-02-23,11.07,11.14,10.73,10.76,10.76,2838800
2004-02-24,10.88,11.06,10.74,10.75,10.75,4343600
2004-02-25,10.61,10.67,10.04,10.32,10.32,20983400
2004-02-26,10.39,10.44,10.27,10.36,10.36,4961000
2004-02-27,10.33,10.44,10.23,10.3,10.3,6888200
2004-03-01,10.32,10.58,10.25,10.53,10.53,6084000
2004-03-02,10.56,10.59,10.42,10.5,10.5,3967400
2004-03-03,10.45,10.52,10.3,10.46,10.46,3810000
2004-03-04,10.43,10.5,10.28,10.33,10.33,3281400
2004-03-05,10.27,10.51,10.25,10.46,10.46,3323400
2004-03-08,10.46,10.49,10.29,10.35,10.35,2381000
2004-03-09,10.37,10.42,10.2,10.3,10.3,2939600
2004-03-10,10.28,10.34,10.08,10.1,10.1,2694000
2004-03-11,10.07,10.15,9.85,9.91,9.91,5387400
2004-03-12,9.97,10.02,9.73,9.88,9.88,7475400
2004-03-15,9.83,9.83,9.54,9.55,9.55,5896800
2004-03-16,9.67,9.69,9.48,9.55,9.55,5013800
2004-03-17,9.58,9.76,9.53,9.53,9.53,5476400
2004-03-18,9.61,9.69,9.5,9.62,9.62,3566600
2004-03-19,9.63,9.81,9.5,9.69,9.69,3805800
2004-03-22,9.65,9.67,9.48,9.49,9.49,3282200
2004-03-23,9.49,9.71,9.42,9.42,9.42,4005800
2004-03-24,9.43,9.65,9.42,9.61,9.61,4292000
2004-03-25,9.64,10.01,9.61,9.99,9.99,4783200
2004-03-26,10.0,10.0,9.81,9.82,9.82,2799600
2004-03-29,9.92,10.07,9.84,10.05,10.05,2716400
2004-03-30,10.05,10.33,9.98,10.31,10.31,3049200
2004-03-31,10.32,10.41,10.19,10.29,10.29,4982000
2004-04-01,10.02,10.23,9.96,10.04,10.04,8107400
2004-04-02,10.31,10.33,10.07,10.28,10.28,6065400
2004-04-05,10.3,10.39,10.22,10.39,10.39,3598200
2004-04-06,10.28,10.48,10.17,10.31,10.31,3344000
2004-04-07,10.29,10.29,9.98,10.17,10.17,2720400
2004-04-08,10.21,10.23,9.69,9.78,9.78,5550200
2004-04-12,9.78,10.05,9.76,9.91,9.91,3703400
2004-04-13,10.0,10.03,9.56,9.68,9.68,3517800
2004-04-14,9.73,9.8,9.59,9.65,9.65,2484200
2004-04-15,9.67,9.84,9.62,9.75,9.75,2723000
2004-04-16,9.71,10.0,9.7,9.87,9.87,2958600
2004-04-19,9.87,10.0,9.76,9.99,9.99,3408000
2004-04-20,9.89,10.05,9.82,9.85,9.85,6867200
2004-04-21,9.93,9.93,9.57,9.68,9.68,6734000
2004-04-22,9.65,9.84,9.52,9.77,9.77,4555400
2004-04-23,9.68,9.81,9.61,9.78,9.78,2013200
2004-04-26,9.79,9.85,9.45,9.5,9.5,4490400
2004-04-27,9.55,9.62,9.25,9.37,9.37,8113200
2004-04-28,9.37,9.4,9.21,9.24,9.24,3783800
2004-04-29,9.29,9.34,9.01,9.05,9.05,3115400
2004-04-30,9.09,9.12,8.94,8.99,8.99,3855600
2004-05-03,9.07,9.28,8.92,9.18,9.18,5121000
2004-05-04,9.14,9.48,9.13,9.43,9.43,5572400
2004-05-05,9.42,9.54,9.39,9.47,9.47,5994200
2004-05-06,8.93,8.95,8.59,8.68,8.68,24482400
2004-05-07,8.58,8.7,8.39,8.41,8.41,6486000
2004-05-10,8.38,8.49,8.26,8.42,8.42,6099800
2004-05-11,8.53,8.63,8.41,8.47,8.47,5177600
2004-05-12,8.45,8.52,8.19,8.51,8.51,6933600
2004-05-13,8.5,8.5,8.31,8.38,8.38,2454600
2004-05-14,8.43,8.49,8.29,8.36,8.36,3206000
2004-05-17,8.2,8.42,8.17,8.31,8.31,4656800
2004-05-18,8.35,8.43,8.24,8.28,8.28,4149200
2004-05-19,8.36,8.45,8.24,8.24,8.24,6477200
2004-05-20,8.35,8.35,8.24,8.28,8.28,3580200
2004-05-21,8.36,8.49,8.29,8.47,8.47,4508600
2004-05-24,8.52,8.59,8.3,8.37,8.37,6978200
2004-05-25,8.33,8.54,8.26,8.5,8.5,6653400
2004-05-26,8.45,8.6,8.44,8.51,8.51,3674400
2004-05-27,9.05,9.57,9.04,9.24,9.24,19476000
2004-05-28,9.31,9.37,9.2,9.3,9.3,8527400
2004-06-01,9.25,9.54,9.25,9.45,9.45,5748600
2004-06-02,9.47,9.49,9.32,9.47,9.47,4219200
2004-06-03,9.46,9.56,9.37,9.37,9.37,2542200
2004-06-04,9.45,9.72,9.43,9.5,9.5,4257200
2004-06-07,9.58,9.69,9.48,9.64,9.64,2123400
2004-06-08,9.61,9.73,9.52,9.66,9.66,1975400
2004-06-09,9.61,9.66,9.46,9.52,9.52,3887400
2004-06-10,9.49,9.63,9.41,9.52,9.52,2266200
2004-06-14,9.14,9.33,9.09,9.2,9.2,5394200
2004-06-15,9.19,9.43,9.19,9.36,9.36,2646000
2004-06-16,9.31,9.42,9.22,9.37,9.37,2078400
2004-06-17,9.29,9.4,9.22,9.29,9.29,1761800
2004-06-18,9.17,9.45,9.17,9.34,9.34,2983800
2004-06-21,9.33,9.39,9.21,9.24,9.24,1980200
2004-06-22,9.22,9.24,9.02,9.18,9.18,2616000
2004-06-23,9.11,9.43,9.05,9.42,9.42,3461600
2004-06-24,9.42,9.53,9.31,9.38,9.38,3116000
2004-06-25,9.33,9.65,9.33,9.65,9.65,3548400
2004-06-28,9.64,9.73,9.28,9.33,9.33,3489200
2004-06-29,9.39,9.43,9.05,9.14,9.14,5157600
2004-06-30,9.16,9.17,8.96,9.14,9.14,4963800
2004-07-01,9.15,9.15,8.93,8.93,8.93,2905200
2004-07-02,9.04,9.08,8.83,8.87,8.87,2344200
2004-07-06,8.82,8.92,8.71,8.71,8.71,3346400
2004-07-07,9.02,9.29,8.93,9.03,9.03,7763600
2004-07-08,9.05,9.08,8.85,8.94,8.94,2706000
2004-07-09,8.94,9.1,8.9,9.07,9.07,2689800
2004-07-12,9.06,9.16,8.97,9.13,9.13,1956200
2004-07-13,9.15,9.29,9.12,9.24,9.24,2440800
2004-07-14,9.1,9.23,9.0,9.1,9.1,3746000
2004-07-15,9.1,9.19,9.01,9.06,9.06,2020800
2004-07-16,9.13,9.14,8.67,8.74,8.74,4436000
2004-07-19,8.87,8.89,8.68,8.79,8.79,3684600
2004-07-20,8.77,9.12,8.77,9.12,9.12,2458400
2004-07-21,9.07,9.21,8.87,8.87,8.87,2222400
2004-07-22,8.85,8.99,8.73,8.99,8.99,2887800
2004-07-23,8.92,8.97,8.68,8.77,8.77,2526000
2004-07-26,8.71,8.88,8.54,8.64,8.64,2292800
2004-07-27,8.77,8.92,8.72,8.89,8.89,1975200
2004-07-28,8.8,8.9,8.46,8.69,8.69,3369800
2004-07-29,8.85,9.12,8.78,8.93,8.93,3752600
2004-07-30,8.82,8.98,8.76,8.97,8.97,3059000
2004-08-02,8.99,9.19,8.87,9.16,9.16,5247800
2004-08-03,9.1,9.21,8.97,9.03,9.03,3459600
2004-08-04,8.98,9.03,8.8,8.95,8.95,2830800
2004-08-05,8.66,8.72,8.03,8.18,8.18,16553600
2004-08-06,8.13,8.24,7.87,7.92,7.92,6686600
2004-08-09,7.98,8.13,7.91,8.0,8.0,4315200
2004-08-10,8.05,8.2,7.97,8.18,8.18,4902200
2004-08-11,8.07,8.15,7.83,7.87,7.87,4130000
2004-08-12,7.83,7.9,7.64,7.68,7.68,4173600
2004-08-13,7.73,7.74,7.43,7.49,7.49,7128800
2004-08-16,7.57,7.77,7.52,7.72,7.72,5384000
2004-08-17,7.72,8.11,7.71,7.98,7.98,5433000
2004-08-18,7.93,8.17,7.93,8.09,8.09,4417200
2004-08-19,8.04,8.1,7.94,8.05,8.05,2157600
2004-08-20,8.04,8.27,8.04,8.19,8.19,2206400
2004-08-23,8.17,8.33,8.02,8.25,8.25,6399600
2004-08-24,8.33,8.46,8.19,8.21,8.21,3982200
2004-08-25,8.19,8.43,8.14,8.32,8.32,4929000
2004-08-26,7.96,8.28,7.79,7.93,7.93,15842600
2004-08-27,7.97,8.03,7.85,8.0,8.0,4360800
2004-08-30,7.99,8.04,7.87,7.91,7.91,2367600
2004-08-31,7.95,7.95,7.76,7.84,7.84,2540400
2004-09-01,7.89,7.99,7.77,7.87,7.87,2196200
2004-09-02,7.95,8.33,7.85,8.27,8.27,4461800
2004-09-03,8.3,8.47,8.19,8.35,8.35,4982600
2004-09-07,8.42,8.5,8.25,8.36,8.36,3259400
2004-09-08,8.4,8.53,8.29,8.33,8.33,3941000
2004-09-09,8.41,8.45,8.15,8.33,8.33,3634400
2004-09-10,8.33,8.49,8.23,8.49,8.49,3773000
2004-09-13,8.51,8.82,8.45,8.69,8.69,5958000
2004-09-14,8.72,8.96,8.72,8.95,8.95,5992800
2004-09-15,8.98,9.04,8.82,8.98,8.98,4623600
2004-09-16,9.01,9.14,8.97,9.14,9.14,3341600
2004-09-17,9.15,9.19,8.98,9.08,9.08,8143800
2004-09-20,9.07,9.15,8.95,9.1,9.1,3736400
2004-09-21,9.06,9.23,9.06,9.1,9.1,4844600
2004-09-22,9.05,9.1,8.83,8.87,8.87,3984000
2004-09-23,8.83,8.91,8.77,8.79,8.79,2327000
2004-09-24,8.77,9.03,8.73,8.89,8.89,2865800
2004-09-27,8.9,9.08,8.69,8.95,8.95,5532000
2004-09-28,8.99,9.05,8.75,8.99,8.99,3652200
2004-09-29,9.01,9.1,8.92,9.04,9.04,3099000
2004-09-30,9.0,9.03,8.87,8.98,8.98,4210400
2004-10-01,8.94,9.15,8.89,9.1,9.1,3889800
2004-10-04,9.08,9.33,9.05,9.1,9.1,3822000
2004-10-05,9.08,9.13,9.01,9.04,9.04,1745600
2004-10-06,8.79,8.92,8.62,8.81,8.81,13572800
2004-10-07,8.81,8.89,8.57,8.62,8.62,4518800
2004-10-08,8.56,8.6,8.42,8.45,8.45,3747600
2004-10-11,8.46,8.7,8.42,8.62,8.62,2697200
2004-10-12,8.51,8.55,8.43,8.49,8.49,3224400
2004-10-13,8.58,8.7,8.37,8.43,8.43,4554600
2004-10-14,8.4,8.53,8.27,8.28,8.28,4002000
2004-10-15,8.32,8.38,8.18,8.21,8.21,3859400
2004-10-18,8.17,8.57,8.09,8.57,8.57,4209600
2004-10-19,8.57,8.79,8.51,8.6,8.6,2767800
2004-10-20,8.52,8.72,8.5,8.64,8.64,2744600
2004-10-21,8.67,9.01,8.6,9.01,9.01,4598400
2004-10-22,8.94,9.03,8.89,8.95,8.95,3719600
2004-10-25,8.93,8.99,8.83,8.98,8.98,1899200
2004-10-26,9.0,9.16,8.93,8.98,8.98,2736600
2004-10-27,8.99,9.34,8.88,9.25,9.25,5019800
2004-10-28,9.27,9.7,9.18,9.53,9.53,4549200
2004-10-29,9.52,9.76,9.5,9.63,9.63,7598600
2004-11-01,9.67,9.74,9.51,9.55,9.55,6002400
2004-11-02,9.6,9.78,9.55,9.74,9.74,5383400
2004-11-03,9.91,9.95,9.6,9.63,9.63,6392400
2004-11-04,9.58,9.73,9.28,9.69,9.69,11258000
2004-11-05,9.73,9.86,9.67,9.75,9.75,3738200
2004-11-08,9.7,9.77,9.55,9.62,9.62,3328400
2004-11-09,9.62,9.73,9.57,9.73,9.73,4788000
2004-11-10,9.75,9.79,9.66,9.73,9.73,2839400
2004-11-11,9.73,9.8,9.52,9.67,9.67,4181000
2004-11-12,9.62,9.91,9.61,9.88,9.88,3217800
2004-11-15,9.88,10.09,9.87,10.07,10.07,3641600
2004-11-16,10.0,10.1,9.76,9.85,9.85,2699400
2004-11-17,9.93,10.08,9.87,9.96,9.96,4541600
2004-11-18,9.91,10.09,9.81,9.98,9.98,4830000
2004-11-19,9.99,10.0,9.53,9.56,9.56,6371400
2004-11-22,9.51,9.58,9.35,9.37,9.37,4496600
2004-11-23,9.55,9.81,9.53,9.65,9.65,10145600
2004-11-24,9.69,9.69,9.53,9.63,9.63,3102000
2004-11-26,9.57,9.73,9.56,9.56,9.56,1090800
2004-11-29,9.56,9.57,9.31,9.41,9.41,3702600
2004-11-30,9.33,9.34,9.19,9.28,9.28,6559400
2004-12-01,9.17,9.47,9.12,9.2,9.2,6349800
2004-12-02,9.11,9.67,8.95,9.43,9.43,9438000
2004-12-03,9.3,9.5,9.25,9.43,9.43,5788200
2004-12-06,9.47,9.51,9.39,9.44,9.44,2632400
2004-12-07,9.42,9.51,9.28,9.3,9.3,3761000
2004-12-08,9.3,9.63,9.3,9.5,9.5,6180200
2004-12-09,9.37,9.53,9.33,9.48,9.48,4855200
2004-12-10,9.44,9.47,9.35,9.39,9.39,3948200
2004-12-13,9.37,9.41,9.17,9.32,9.32,3818400
2004-12-14,9.29,9.58,9.23,9.57,9.57,4073000
2004-12-15,9.51,9.81,9.5,9.68,9.68,7374200
2004-12-16,9.68,9.75,9.61,9.68,9.68,4363400
2004-12-17,9.75,9.79,9.44,9.48,9.48,3411200
2004-12-20,9.53,9.71,9.39,9.43,9.43,3296000
2004-12-21,9.42,9.57,9.26,9.52,9.52,4725200
2004-12-22,9.45,9.62,9.41,9.46,9.46,2748600
2004-12-23,9.46,9.56,9.41,9.48,9.48,2206200
2004-12-27,9.48,9.6,9.42,9.47,9.47,1696400
2004-12-28,9.5,9.67,9.47,9.61,9.61,1413000
2004-12-29,9.67,9.7,9.58,9.68,9.68,2560400
2004-12-30,9.67,9.78,9.65,9.67,9.67,2211200
2004-12-31,9.67,9.72,9.56,9.59,9.59,1764600
2005-01-03,9.68,9.83,9.48,9.51,9.51,6582200
2005-01-04,9.52,9.64,9.16,9.21,9.21,5440800
2005-01-05,9.34,9.6,9.2,9.43,9.43,5739000
2005-01-06,9.49,9.49,9.31,9.37,9.37,2244000
2005-01-07,9.39,9.42,9.18,9.28,9.28,1876400
2005-01-10,9.25,9.3,9.14,9.21,9.21,2379000
2005-01-11,9.17,9.21,9.05,9.13,9.13,4288400
2005-01-12,9.11,9.32,9.11,9.31,9.31,2441000
2005-01-13,9.26,9.45,9.15,9.3,9.3,3480200
2005-01-14,9.34,9.44,9.26,9.37,9.37,1691400
2005-01-18,9.38,9.44,9.31,9.39,9.39,2162400
2005-01-19,9.37,9.38,9.04,9.11,9.11,4306200
2005-01-20,9.14,9.26,9.1,9.2,9.2,4266000
2005-01-21,9.18,9.3,9.13,9.22,9.22,3080000
2005-01-24,9.19,9.21,9.02,9.04,9.04,2647200
2005-01-25,9.08,9.19,9.0,9.05,9.05,1866600
2005-01-26,9.14,9.24,9.0,9.12,9.12,2757200
2005-01-27,9.09,9.1,9.02,9.07,9.07,3996600
2005-01-28,9.1,9.1,8.8,8.91,8.91,3352800
2005-01-31,8.93,9.08,8.9,9.08,9.08,4150400
2005-02-01,9.11,9.33,9.11,9.25,9.25,4428200
2005-02-02,9.3,9.33,9.16,9.23,9.23,3056400
2005-02-03,9.24,9.29,9.08,9.13,9.13,3850400
2005-02-04,9.12,9.26,9.12,9.16,9.16,4013400
2005-02-07,9.17,9.27,9.12,9.25,9.25,3864000
2005-02-08,9.22,9.35,9.18,9.33,9.33,3424200
2005-02-09,9.33,9.33,9.05,9.15,9.15,4300400
2005-02-10,9.22,9.22,9.06,9.08,9.08,3945000
2005-02-11,9.12,9.27,9.01,9.23,9.23,3840600
2005-02-14,9.24,9.24,9.15,9.17,9.17,2610200
2005-02-15,9.16,9.2,9.05,9.07,9.07,3280400
2005-02-16,9.06,9.06,8.79,8.88,8.88,8646200
2005-02-17,8.92,8.93,8.66,8.68,8.68,5977200
2005-02-18,8.65,8.69,8.5,8.54,8.54,7228800
2005-02-22,8.47,8.61,8.42,8.56,8.56,7055600
2005-02-23,8.61,8.73,8.42,8.65,8.65,8084000
2005-02-24,8.62,8.9,8.62,8.89,8.89,4765400
2005-02-25,8.9,8.96,8.79,8.95,8.95,3000800
2005-02-28,8.97,9.01,8.88,8.98,8.98,5444400
2005-03-01,9.01,9.27,8.96,9.26,9.26,9059600
2005-03-02,9.23,9.39,9.12,9.31,9.31,5519600
2005-03-03,9.34,9.48,9.29,9.38,9.38,6297800
2005-03-04,9.41,9.5,9.37,9.41,9.41,3922400
2005-03-07,9.4,9.47,9.39,9.46,9.46,3557400
2005-03-08,9.45,9.47,9.3,9.33,9.33,2725200
2005-03-09,9.33,9.33,9.25,9.3,9.3,4940000
2005-03-10,9.26,9.32,9.2,9.25,9.25,3849800
2005-03-11,9.28,9.35,9.18,9.24,9.24,4780400
2005-03-14,9.26,9.38,9.24,9.35,9.35,4271000
2005-03-15,9.38,9.47,9.32,9.39,9.39,2637600
2005-03-16,9.3,9.5,9.2,9.25,9.25,3417600
2005-03-17,9.25,9.29,9.12,9.19,9.19,4527800
2005-03-18,9.17,9.24,9.13,9.2,9.2,3110000
2005-03-21,9.18,9.29,9.08,9.25,9.25,3384200
2005-03-22,9.22,9.41,9.22,9.32,9.32,3781800
2005-03-23,9.3,9.53,9.15,9.42,9.42,5801600
2005-03-24,9.43,9.6,9.37,9.49,9.49,4708800
2005-03-28,9.49,9.67,9.47,9.6,9.6,3458600
2005-03-29,9.57,9.62,9.43,9.49,9.49,2960000
2005-03-30,9.49,9.61,9.49,9.6,9.6,3678200
2005-03-31,9.56,9.6,9.45,9.58,9.58,2400200
2005-04-01,9.63,9.68,9.41,9.44,9.44,5542200
2005-04-04,9.44,9.46,9.29,9.42,9.42,2338800
2005-04-05,9.45,9.53,9.38,9.44,9.44,2488200
2005-04-06,9.49,9.62,9.3,9.56,9.56,3228600
2005-04-07,9.55,9.59,9.34,9.39,9.39,3163800
2005-04-08,8.68,8.83,8.32,8.39,8.39,40645800
2005-04-11,8.36,8.39,8.17,8.28,8.28,15169800
2005-04-12,8.3,8.3,8.03,8.17,8.17,10139400
2005-04-13,8.14,8.33,8.13,8.27,8.27,9923400
2005-04-14,8.3,8.34,8.22,8.3,8.3,6867600
2005-04-15,8.3,8.3,8.06,8.07,8.07,5847200
2005-04-18,8.16,8.25,8.07,8.23,8.23,3556800
2005-04-19,8.19,8.26,8.17,8.22,8.22,2692200
2005-04-20,8.26,8.26,8.03,8.1,8.1,3907400
2005-04-21,8.19,8.19,7.98,8.08,8.08,3806400
2005-04-22,8.09,8.16,8.0,8.13,8.13,3831000
2005-04-25,8.12,8.47,8.11,8.36,8.36,5734200
2005-04-26,8.33,8.54,8.26,8.37,8.37,4184000
2005-04-27,8.35,8.47,8.26,8.41,8.41,3122000
2005-04-28,8.36,8.42,8.18,8.28,8.28,3975600
2005-04-29,8.31,8.33,7.98,8.16,8.16,7099200
2005-05-02,8.16,8.21,8.12,8.17,8.17,4091000
2005-05-03,8.18,8.42,8.13,8.36,8.36,3934200
2005-05-04,8.44,8.48,8.33,8.38,8.38,3766800
2005-05-05,8.19,8.25,7.59,7.8,7.8,19985000
2005-05-06,7.94,7.94,7.67,7.8,7.8,6564600
2005-05-09,7.79,8.0,7.77,7.98,7.98,5729000
2005-05-10,7.88,8.15,7.88,8.09,8.09,3482000
2005-05-11,8.12,8.22,7.98,8.19,8.19,2932800
2005-05-12,8.2,8.22,8.07,8.14,8.14,2423000
2005-05-13,8.11,8.18,7.89,7.98,7.98,3942000
2005-05-16,7.98,8.2,7.98,8.18,8.18,2593400
2005-05-17,8.16,8.41,8.16,8.37,8.37,3023000
2005-05-18,8.38,8.65,8.29,8.62,8.62,2976000
2005-05-19,8.67,8.67,8.48,8.54,8.54,3879200
2005-05-20,8.5,8.55,8.35,8.4,8.4,4367400
2005-05-23,8.42,8.44,8.33,8.39,8.39,6283800
2005-05-24,8.26,8.42,8.17,8.33,8.33,5574000
2005-05-25,8.2,8.56,8.15,8.4,8.4,5453600
2005-05-26,8.38,8.45,8.15,8.24,8.24,4923200
2005-05-27,8.27,8.34,8.2,8.2,8.2,2913200
2005-05-31,8.19,8.34,8.13,8.27,8.27,2847200
2005-06-01,8.28,8.4,8.21,8.22,8.22,2830400
2005-06-02,8.19,8.35,8.19,8.32,8.32,1628400
2005-06-03,8.28,8.35,8.17,8.19,8.19,2065800
2005-06-06,8.24,8.28,8.18,8.23,8.23,1941000
2005-06-07,8.2,8.42,8.2,8.33,8.33,3792800
2005-06-08,8.38,8.38,8.24,8.24,8.24,2493800
2005-06-09,8.23,8.31,8.19,8.23,8.23,2966400
2005-06-10,8.32,8.32,8.12,8.23,8.23,2592200
2005-06-13,8.18,8.29,8.12,8.17,8.17,2473800
2005-06-14,8.12,8.18,8.05,8.12,8.12,3664800
2005-06-15,8.17,8.17,7.96,8.09,8.09,4288800
2005-06-16,8.08,8.1,7.98,8.09,8.09,1958000
2005-06-17,8.09,8.2,7.9,7.94,7.94,5330600
2005-06-20,7.93,8.05,7.85,8.01,8.01,2057400
2005-06-21,7.97,8.03,7.82,7.91,7.91,1686800
2005-06-22,7.93,8.03,7.85,7.94,7.94,1279800
2005-06-23,7.99,8.03,7.83,7.89,7.89,2445800
2005-06-24,7.84,7.89,7.73,7.83,7.83,4054800
2005-06-27,7.81,8.03,7.81,8.0,8.0,3676800
2005-06-28,7.98,8.17,7.98,8.12,8.12,2589800
2005-06-29,8.12,8.14,8.01,8.1,8.1,1797800
2005-06-30,8.07,8.21,7.97,8.0,8.0,1818200
2005-07-01,8.0,8.15,7.96,8.04,8.04,1988400
2005-07-05,8.0,8.24,7.98,8.22,8.22,1848000
2005-07-06,8.28,8.28,8.02,8.13,8.13,1977800
2005-07-07,8.02,8.1,7.86,7.96,7.96,1485600
2005-07-08,7.98,8.36,7.95,8.29,8.29,4522400
2005-07-11,8.27,8.44,8.23,8.35,8.35,2098200
2005-07-12,8.35,8.35,8.19,8.25,8.25,1598600
2005-07-13,8.26,8.27,8.12,8.14,8.14,1612400
2005-07-14,8.16,8.23,8.14,8.21,8.21,2399000
2005-07-15,8.26,8.27,8.17,8.21,8.21,1862400
2005-07-18,8.18,8.22,8.13,8.2,8.2,1936800
2005-07-19,8.2,8.31,8.14,8.24,8.24,2849600
2005-07-20,8.24,8.24,8.16,8.22,8.22,1812800
2005-07-21,8.16,8.2,8.05,8.1,8.1,1917600
2005-07-22,8.09,8.19,8.03,8.15,8.15,1482600
2005-07-25,8.11,8.23,8.1,8.14,8.14,1341600
2005-07-26,8.17,8.27,8.1,8.14,8.14,1674200
2005-07-27,8.19,8.22,8.08,8.21,8.21,1016000
2005-07-28,8.2,8.43,8.12,8.33,8.33,3044600
2005-07-29,8.35,8.39,8.3,8.33,8.33,2777000
2005-08-01,8.33,8.38,8.3,8.3,8.3,3105000
2005-08-02,8.29,8.44,8.29,8.42,8.42,4511400
2005-08-03,8.33,8.52,8.33,8.51,8.51,3433800
2005-08-04,8.48,8.55,8.33,8.37,8.37,5066600
2005-08-05,8.37,8.38,8.24,8.28,8.28,2688000
2005-08-08,8.28,8.32,8.1,8.1,8.1,2883600
2005-08-09,8.15,8.17,8.06,8.08,8.08,2189000
2005-08-10,8.1,8.17,7.96,8.0,8.0,2872800
2005-08-11,8.02,8.13,8.0,8.05,8.05,3049400
2005-08-12,8.03,8.17,8.0,8.11,8.11,2594000
2005-08-15,8.09,8.16,7.98,8.02,8.02,2257800
2005-08-16,8.06,8.06,7.71,7.78,7.78,4797200
2005-08-17,7.79,7.94,7.76,7.9,7.9,6016400
2005-08-18,7.88,7.88,7.79,7.83,7.83,2588600
2005-08-19,7.82,7.9,7.73,7.75,7.75,2488200
2005-08-22,7.75,7.9,7.72,7.84,7.84,3517200
2005-08-23,7.78,8.01,7.68,7.69,7.69,3408800
2005-08-24,7.59,7.88,7.59,7.68,7.68,3357600
2005-08-25,7.68,7.82,7.65,7.77,7.77,3042600
2005-08-26,7.78,7.83,7.68,7.76,7.76,3788000
2005-08-29,7.73,7.88,7.69,7.77,7.77,1707000
2005-08-30,7.74,7.79,7.62,7.66,7.66,2787200
2005-08-31,7.64,7.75,7.55,7.59,7.59,5543600
2005-09-01,7.58,7.63,7.43,7.46,7.46,9146400
2005-09-02,7.46,7.52,7.42,7.44,7.44,5226200
2005-09-06,7.42,7.55,7.41,7.53,7.53,3924800
2005-09-07,7.53,7.6,7.53,7.6,7.6,5442600
2005-09-08,7.59,7.59,7.47,7.5,7.5,4613000
2005-09-09,7.49,7.62,7.48,7.58,7.58,3787200
2005-09-12,7.58,7.8,7.53,7.75,7.75,3699800
2005-09-13,7.71,7.85,7.7,7.77,7.77,4661400
2005-09-14,7.69,7.87,7.69,7.84,7.84,4351800
2005-09-15,7.83,7.94,7.78,7.88,7.88,4379400
2005-09-16,7.86,8.13,7.85,7.94,7.94,5605800
2005-09-19,7.98,7.99,7.71,7.79,7.79,3792000
2005-09-20,7.79,7.92,7.57,7.66,7.66,3064200
2005-09-21,7.58,7.63,7.33,7.43,7.43,6687800
2005-09-22,7.38,7.44,7.27,7.34,7.34,7725200
2005-09-23,7.32,7.35,7.2,7.31,7.31,7785200
2005-09-26,7.32,7.49,7.3,7.35,7.35,2883800
2005-09-27,7.33,7.37,7.21,7.3,7.3,3044000
2005-09-28,7.27,7.37,7.08,7.2,7.2,3175800
2005-09-29,7.16,7.28,7.0,7.21,7.21,3291600
2005-09-30,7.23,7.29,7.14,7.22,7.22,2528000
2005-10-03,7.24,7.53,7.18,7.41,7.41,4804400
2005-10-04,7.43,7.51,7.35,7.35,7.35,2510400
2005-10-05,7.37,7.37,7.24,7.25,7.25,2687000
2005-10-06,7.23,7.48,7.21,7.3,7.3,2961000
2005-10-07,7.35,7.35,7.2,7.24,7.24,1963400
2005-10-10,7.22,7.34,7.2,7.22,7.22,1393800
2005-10-11,7.2,7.33,7.16,7.23,7.23,4433000
2005-10-12,7.23,7.26,7.09,7.19,7.19,2871000
2005-10-13,7.17,7.26,7.11,7.2,7.2,1959600
2005-10-14,7.18,7.24,7.07,7.1,7.1,4122200
2005-10-17,7.14,7.14,6.95,7.06,7.06,2327600
2005-10-18,7.02,7.06,6.88,6.96,6.96,4230000
2005-10-19,6.92,7.12,6.91,7.1,7.1,4388000
2005-10-20,7.11,7.28,7.08,7.18,7.18,4668600
2005-10-21,7.18,7.45,7.18,7.29,7.29,4868600
2005-10-24,7.15,7.25,7.06,7.17,7.17,5385600
2005-10-25,7.13,7.31,7.12,7.18,7.18,4244000
2005-10-26,7.18,7.22,7.09,7.14,7.14,2802000
2005-10-27,7.2,7.2,6.91,6.93,6.93,2031600
2005-10-28,7.03,7.08,6.85,6.92,6.92,4254800
2005-10-31,6.91,7.22,6.89,7.19,7.19,3876800
2005-11-01,7.2,7.21,7.09,7.14,7.14,3300200
2005-11-02,7.13,7.5,7.13,7.43,7.43,3557000
2005-11-03,7.5,7.66,7.47,7.58,7.58,4668800
2005-11-04,7.57,7.79,7.57,7.78,7.78,3710400
2005-11-07,7.82,7.95,7.82,7.9,7.9,5278200
2005-11-08,7.88,7.96,7.84,7.89,7.89,3333000
2005-11-09,7.89,7.96,7.88,7.93,7.93,2462400
2005-11-10,7.92,8.16,7.91,8.16,8.16,5177000
2005-11-11,8.13,8.16,8.04,8.16,8.16,2153000
2005-11-14,8.14,8.16,8.06,8.11,8.11,2312600
2005-11-15,8.03,8.06,7.83,7.89,7.89,3637200
2005-11-16,7.85,7.85,7.72,7.74,7.74,3347400
2005-11-17,7.78,7.82,7.72,7.77,7.77,3616400
2005-11-18,7.78,7.82,7.71,7.78,7.78,2989200
2005-11-21,7.77,7.9,7.72,7.83,7.83,3736200
2005-11-22,8.01,8.01,7.66,7.79,7.79,4646400
2005-11-23,7.78,7.86,7.71,7.81,7.81,2268800
2005-11-25,7.83,7.85,7.72,7.79,7.79,568200
2005-11-28,7.84,7.88,7.68,7.77,7.77,2728800
2005-11-29,7.82,7.86,7.7,7.71,7.71,2015400
2005-11-30,7.7,7.88,7.62,7.65,7.65,3495600
2005-12-01,7.71,7.79,7.58,7.77,7.77,4683000
2005-12-02,7.71,7.83,7.71,7.81,7.81,6093200
2005-12-05,7.82,7.83,7.62,7.75,7.75,2669000
2005-12-06,7.75,7.92,7.73,7.75,7.75,3970200
2005-12-07,7.73,7.83,7.73,7.79,7.79,2424600
2005-12-08,7.78,7.83,7.72,7.8,7.8,3182400
2005-12-09,7.78,7.84,7.75,7.84,7.84,2967000
2005-12-12,7.82,7.91,7.79,7.85,7.85,2451600
2005-12-13,7.83,7.98,7.83,7.92,7.92,2273000
2005-12-14,7.91,8.04,7.91,8.01,8.01,3456000
2005-12-15,8.01,8.04,7.91,7.95,7.95,2894600
2005-12-16,7.92,8.06,7.84,7.86,7.86,15449600
2005-12-19,7.88,8.05,7.77,7.77,7.77,3777800
2005-12-20,7.76,7.89,7.72,7.81,7.81,1833000
2005-12-21,7.81,8.01,7.78,7.95,7.95,2509400
2005-12-22,7.93,7.99,7.87,7.94,7.94,1663200
2005-12-23,7.89,8.08,7.89,8.02,8.02,1308000
2005-12-27,8.03,8.08,7.85,7.86,7.86,1656000
2005-12-28,7.84,8.2,7.83,8.07,8.07,3906800
2005-12-29,8.06,8.15,8.01,8.06,8.06,1401200
2005-12-30,8.0,8.15,7.91,7.98,7.98,1844400
2006-01-03,7.99,8.09,7.83,8.07,8.07,3057000
2006-01-04,8.04,8.19,7.96,8.13,8.13,2937600
2006-01-05,8.12,8.17,8.07,8.11,8.11,3794400
2006-01-06,8.17,8.29,7.98,8.08,8.08,2907600
2006-01-09,8.1,8.49,8.04,8.32,8.32,5231600
2006-01-10,8.33,8.35,8.22,8.25,8.25,2723000
2006-01-11,8.28,8.29,8.16,8.21,8.21,2407200
2006-01-12,8.17,8.33,8.11,8.19,8.19,3639000
2006-01-13,8.13,8.32,8.13,8.28,8.28,1497000
2006-01-17,8.25,8.28,8.11,8.16,8.16,1809600
2006-01-18,8.07,8.27,8.03,8.19,8.19,1527000
2006-01-19,8.19,8.26,8.16,8.22,8.22,1585400
2006-01-20,8.15,8.27,8.06,8.1,8.1,1738200
2006-01-23,8.16,8.19,8.09,8.09,8.09,1372800
2006-01-24,8.16,8.25,8.08,8.19,8.19,1603200
2006-01-25,8.19,8.27,8.15,8.18,8.18,1312400
2006-01-26,8.23,8.31,8.2,8.28,8.28,1638800
2006-01-27,8.3,8.41,8.27,8.34,8.34,2007200
2006-01-30,8.33,8.37,8.2,8.22,8.22,1136600
2006-01-31,8.2,8.34,8.15,8.27,8.27,2178000
2006-02-01,8.22,8.27,8.11,8.2,8.2,2582400
2006-02-02,8.55,8.93,8.5,8.86,8.86,7004000
2006-02-03,8.89,9.23,8.84,9.07,9.07,7342200
2006-02-06,9.04,9.07,8.96,9.0,9.0,3034800
2006-02-07,8.96,9.14,8.88,9.03,9.03,2500200
2006-02-08,9.1,9.2,9.03,9.07,9.07,4815000
2006-02-09,9.11,9.22,8.99,9.0,9.0,3216200
2006-02-10,8.98,9.05,8.95,9.04,9.04,2327400
2006-02-13,9.0,9.1,8.96,9.03,9.03,2940000
2006-02-14,9.03,9.43,9.03,9.35,9.35,3635000
2006-02-15,9.33,9.54,9.26,9.45,9.45,3787800
2006-02-16,9.45,9.48,9.35,9.46,9.46,2100600
2006-02-17,9.46,9.55,9.38,9.52,9.52,3341400
2006-02-21,9.55,9.56,9.44,9.52,9.52,5334600
2006-02-22,9.17,9.29,9.13,9.21,9.21,14468000
2006-02-23,9.14,9.35,9.07,9.19,9.19,7470000
2006-02-24,9.08,9.17,8.99,9.15,9.15,4022600
2006-02-27,9.13,9.24,9.11,9.17,9.17,2331000
2006-02-28,9.17,9.24,9.05,9.14,9.14,2853600
2006-03-01,9.18,9.33,9.1,9.28,9.28,2685000
2006-03-02,9.21,9.26,9.0,9.04,9.04,2936600
2006-03-03,8.99,9.22,8.94,9.11,9.11,2797800
2006-03-06,9.15,9.21,9.03,9.15,9.15,2214200
2006-03-07,9.05,9.1,8.76,8.8,8.8,4177400
2006-03-08,8.76,8.9,8.75,8.8,8.8,4626200
2006-03-09,8.79,8.83,8.68,8.7,8.7,2278200
2006-03-10,8.71,8.94,8.62,8.82,8.82,3837200
2006-03-13,8.82,8.98,8.82,8.9,8.9,2556000
2006-03-14,8.86,8.93,8.76,8.88,8.88,2630600
2006-03-15,8.9,8.97,8.86,8.94,8.94,2303600
2006-03-16,8.94,9.08,8.93,9.05,9.05,2177000
2006-03-17,9.04,9.16,9.02,9.12,9.12,2073800
2006-03-20,9.15,9.15,9.01,9.13,9.13,1661400
2006-03-21,8.97,9.07,8.93,8.97,8.97,5231400
2006-03-22,8.94,8.95,8.81,8.89,8.89,3639600
2006-03-23,8.85,9.33,8.84,9.18,9.18,4434600
2006-03-24,9.19,9.27,9.13,9.2,9.2,3209000
2006-03-27,9.18,9.29,9.18,9.26,9.26,1444200
2006-03-28,9.23,9.27,9.19,9.23,9.23,3007400
2006-03-29,9.26,9.32,9.2,9.32,9.32,1470800
2006-03-30,9.33,9.38,9.28,9.33,9.33,2933600
2006-03-31,9.37,9.37,9.2,9.22,9.22,2390400
2006-04-03,9.24,9.33,9.23,9.24,9.24,3212400
2006-04-04,9.23,9.46,9.2,9.39,9.39,3442200
2006-04-05,9.38,9.4,9.29,9.3,9.3,3123600
2006-04-06,9.32,9.34,9.17,9.3,9.3,3516200
2006-04-07,9.37,9.46,9.18,9.22,9.22,1977000
2006-04-10,9.25,9.25,8.98,9.01,9.01,3630600
2006-04-11,8.99,8.99,8.65,8.67,8.67,5778800
2006-04-12,8.64,8.77,8.64,8.68,8.68,2582000
2006-04-13,8.7,8.76,8.65,8.72,8.72,2477400
2006-04-17,8.69,8.75,8.6,8.67,8.67,2981000
2006-04-18,8.66,8.79,8.61,8.69,8.69,2626400
2006-04-19,8.67,8.72,8.63,8.68,8.68,3408200
2006-04-20,8.63,8.92,8.59,8.85,8.85,3354200
2006-04-21,8.84,8.9,8.6,8.65,8.65,2972000
2006-04-24,8.63,8.71,8.53,8.62,8.62,2501000
2006-04-25,8.61,8.72,8.57,8.59,8.59,2561000
2006-04-26,8.62,8.75,8.58,8.67,8.67,1821000
2006-04-27,8.68,8.83,8.59,8.81,8.81,1961000
2006-04-28,8.76,8.8,8.67,8.69,8.69,1669200
2006-05-01,8.69,8.83,8.58,8.64,8.64,3954200
2006-05-02,8.69,8.8,8.53,8.77,8.77,1990400
2006-05-03,8.76,8.8,8.67,8.76,8.76,1680800
2006-05-04,8.99,9.08,8.8,8.91,8.91,2103800
2006-05-05,8.93,8.98,8.77,8.85,8.85,2740200
2006-05-08,8.87,9.27,8.84,9.17,9.17,3855800
2006-05-09,9.14,9.3,9.09,9.14,9.14,3100200
2006-05-10,9.12,9.23,9.01,9.16,9.16,2516000
2006-05-11,9.12,9.2,9.03,9.04,9.04,1838400
2006-05-12,9.03,9.06,8.91,8.94,8.94,1762800
2006-05-15,8.87,8.96,8.76,8.95,8.95,2890200
2006-05-16,8.94,8.98,8.76,8.84,8.84,1947800
2006-05-17,8.81,8.86,8.66,8.78,8.78,2150600
2006-05-18,8.83,8.86,8.72,8.77,8.77,2673800
2006-05-19,8.8,8.87,8.67,8.82,8.82,1442400
2006-05-22,8.71,8.84,8.56,8.78,8.78,3188600
2006-05-23,8.8,8.92,8.69,8.8,8.8,2698800
2006-05-24,9.01,9.08,8.26,8.47,8.47,8819600
2006-05-25,8.58,8.7,8.51,8.61,8.61,3456600
2006-05-26,8.59,8.74,8.57,8.73,8.73,2966600
2006-05-30,8.72,8.72,8.58,8.66,8.66,2861600
2006-05-31,8.67,8.81,8.66,8.81,8.81,4532600
2006-06-01,8.83,8.85,8.66,8.74,8.74,3354000
2006-06-02,8.8,8.82,8.56,8.65,8.65,3006600
2006-06-05,8.61,8.69,8.49,8.52,8.52,2517600
2006-06-06,8.26,8.3,7.97,8.15,8.15,10488600
2006-06-07,8.19,8.25,8.1,8.18,8.18,7382600
2006-06-08,8.2,8.51,8.18,8.49,8.49,6311400
2006-06-09,8.5,8.53,8.34,8.45,8.45,5499600
2006-06-12,8.47,8.6,8.45,8.54,8.54,3556400
2006-06-13,8.51,8.54,8.37,8.45,8.45,2977400
2006-06-14,8.45,8.58,8.38,8.56,8.56,4347200
2006-06-15,8.59,8.71,8.55,8.63,8.63,3542400
2006-06-16,8.64,8.77,8.63,8.67,8.67,3266000
2006-06-19,8.65,8.71,8.5,8.55,8.55,2016800
2006-06-20,8.56,8.6,8.48,8.5,8.5,1505600
2006-06-21,8.49,8.71,8.45,8.65,8.65,1652000
2006-06-22,8.67,8.72,8.57,8.69,8.69,1327800
2006-06-23,8.67,8.71,8.58,8.63,8.63,1615200
2006-06-26,8.63,8.84,8.63,8.77,8.77,2190000
2006-06-27,8.82,8.85,8.63,8.64,8.64,1845600
2006-06-28,8.63,8.68,8.47,8.65,8.65,1608800
2006-06-29,8.69,8.75,8.51,8.67,8.67,6175400
2006-06-30,8.66,8.86,8.65,8.83,8.83,4954400
2006-07-03,8.82,9.0,8.77,8.99,8.99,2073200
2006-07-05,8.99,8.99,8.74,8.83,8.83,2804600
2006-07-06,8.82,8.98,8.82,8.92,8.92,2524200
2006-07-07,8.89,8.9,8.75,8.8,8.8,4263800
2006-07-10,8.78,8.96,8.78,8.93,8.93,2392200
2006-07-11,8.89,8.93,8.77,8.88,8.88,1966800
2006-07-12,8.85,8.95,8.75,8.81,8.81,2595000
2006-07-13,8.74,8.74,8.39,8.45,8.45,4542800
2006-07-14,8.45,8.65,8.45,8.58,8.58,3240200
2006-07-17,8.59,8.71,8.49,8.54,8.54,2901800
2006-07-18,8.53,8.58,8.27,8.36,8.36,3846200
2006-07-19,8.33,8.64,8.31,8.48,8.48,2718600
2006-07-20,8.47,8.55,8.44,8.48,8.48,2894400
2006-07-21,8.46,8.46,8.27,8.37,8.37,2924400
2006-07-24,8.43,8.71,8.4,8.69,8.69,2642600
2006-07-25,8.66,8.77,8.6,8.73,8.73,1585200
2006-07-26,8.7,8.79,8.6,8.66,8.66,1236200
2006-07-27,8.68,8.77,8.55,8.59,8.59,1942400
2006-07-28,8.61,8.84,8.61,8.8,8.8,2240600
2006-07-31,8.78,8.96,8.78,8.87,8.87,1944200
2006-08-01,8.82,8.9,8.64,8.72,8.72,2129000
2006-08-02,8.73,8.76,8.54,8.65,8.65,2321600
2006-08-03,8.85,9.67,8.84,9.55,9.55,11434200
2006-08-04,9.6,9.8,9.52,9.67,9.67,5560400
2006-08-07,9.62,9.67,9.38,9.49,9.49,4506000
2006-08-08,9.47,9.62,9.4,9.47,9.47,4162200
2006-08-09,9.51,9.59,9.3,9.32,9.32,2376800
2006-08-10,9.29,9.62,9.27,9.62,9.62,3219000
2006-08-11,9.61,9.66,9.39,9.5,9.5,1938000
2006-08-14,9.53,9.83,9.52,9.72,9.72,2248400
2006-08-15,9.83,9.83,9.67,9.78,9.78,2076600
2006-08-16,9.8,9.89,9.63,9.87,9.87,4126400
2006-08-17,9.88,9.96,9.77,9.8,9.8,2083400
2006-08-18,9.82,9.88,9.66,9.79,9.79,2395800
2006-08-21,9.7,9.72,9.46,9.58,9.58,3934800
2006-08-22,9.51,9.69,9.39,9.53,9.53,3424800
2006-08-23,9.35,9.47,9.08,9.43,9.43,4197200
2006-08-24,9.5,9.51,9.33,9.42,9.42,3613800
2006-08-25,9.43,9.43,9.29,9.39,9.39,1485000
2006-08-28,9.37,9.55,9.37,9.54,9.54,2084600
2006-08-29,9.53,9.66,9.45,9.6,9.6,2756000
2006-08-30,9.58,9.63,9.44,9.58,9.58,3045200
2006-08-31,9.57,9.7,9.57,9.59,9.59,2529800
2006-09-01,9.61,9.67,9.56,9.66,9.66,1621400
2006-09-05,9.63,9.67,9.57,9.63,9.63,1932200
2006-09-06,9.57,9.63,9.45,9.46,9.46,1820600
2006-09-07,9.46,9.57,9.44,9.46,9.46,1844600
2006-09-08,9.49,9.75,9.48,9.67,9.67,3086000
2006-09-11,9.6,9.96,9.6,9.92,9.92,2901800
2006-09-12,9.89,10.44,9.89,10.33,10.33,7360200
2006-09-13,10.35,10.35,10.14,10.23,10.23,2591000
2006-09-14,10.14,10.34,10.12,10.3,10.3,4044000
2006-09-15,10.34,10.4,10.13,10.2,10.2,3703200
2006-09-18,10.16,10.27,10.03,10.11,10.11,2499800
2006-09-19,10.08,10.32,9.97,10.08,10.08,3588200
2006-09-20,10.09,10.42,10.09,10.38,10.38,2919000
2006-09-21,10.33,10.35,10.04,10.12,10.12,3461600
2006-09-22,10.14,10.17,9.99,10.08,10.08,1976000
2006-09-25,10.07,10.3,10.04,10.26,10.26,3224000
2006-09-26,10.28,10.44,10.19,10.42,10.42,4572600
2006-09-27,10.42,10.43,10.24,10.26,10.26,2728800
2006-09-28,10.29,10.33,10.15,10.3,10.3,2114000
2006-09-29,10.29,10.41,10.28,10.32,10.32,1685000
2006-10-02,10.27,10.48,10.22,10.44,10.44,4608200
2006-10-03,10.37,10.63,10.3,10.61,10.61,2613200
2006-10-04,10.54,10.67,10.3,10.63,10.63,4788800
2006-10-05,10.65,10.65,10.48,10.57,10.57,3909200
2006-10-06,10.32,10.4,10.04,10.29,10.29,3910400
2006-10-09,10.26,10.49,10.15,10.42,10.42,2454000
2006-10-10,10.42,10.56,10.36,10.5,10.5,3577800
2006-10-11,10.43,10.51,10.42,10.45,10.45,2925800
2006-10-12,10.44,10.49,10.39,10.49,10.49,4300200
2006-10-13,10.45,10.57,10.44,10.51,10.51,2282000
2006-10-16,10.47,10.54,10.45,10.47,10.47,2239200
2006-10-17,10.45,10.48,10.3,10.43,10.43,2122400
2006-10-18,10.44,10.52,10.29,10.38,10.38,2392200
2006-10-19,10.32,10.49,10.32,10.42,10.42,2525000
2006-10-20,10.42,10.46,10.3,10.35,10.35,1712400
2006-10-23,10.3,10.58,10.25,10.41,10.41,1706400
2006-10-24,10.41,10.52,10.35,10.38,10.38,1440000
2006-10-25,10.35,10.42,10.2,10.26,10.26,2270400
2006-10-26,10.32,10.36,10.19,10.35,10.35,1877600
2006-10-27,10.29,10.36,10.23,10.26,10.26,1836800
2006-10-30,10.2,10.5,10.16,10.43,10.43,3373200
2006-10-31,10.47,10.56,10.28,10.36,10.36,2411600
2006-11-01,10.42,10.42,10.17,10.18,10.18,2095200
2006-11-02,10.14,10.28,10.02,10.11,10.11,2313600
2006-11-03,10.1,10.27,10.05,10.16,10.16,2262600
2006-11-06,10.23,10.39,10.23,10.36,10.36,2061800
2006-11-07,10.36,10.57,10.33,10.37,10.37,1510400
2006-11-08,10.31,10.43,10.27,10.36,10.36,2667600
2006-11-09,10.39,10.41,10.22,10.25,10.25,1725800
2006-11-10,10.27,10.5,10.24,10.47,10.47,1890600
2006-11-13,10.44,10.6,10.4,10.43,10.43,1369400
2006-11-14,10.41,10.5,10.35,10.47,10.47,1544400
2006-11-15,10.53,10.67,10.48,10.52,10.52,2352800
2006-11-16,10.61,10.67,10.51,10.67,10.67,2439200
2006-11-17,10.66,10.66,10.42,10.51,10.51,1867800
2006-11-20,10.45,10.7,10.45,10.58,10.58,3424800
2006-11-21,10.66,10.67,10.31,10.44,10.44,3262400
2006-11-22,10.42,10.49,10.26,10.34,10.34,3957600
2006-11-24,10.29,10.39,10.25,10.32,10.32,1047600
2006-11-27,10.3,10.32,10.04,10.07,10.07,3681600
2006-11-28,10.04,10.17,10.01,10.12,10.12,5273000
2006-11-29,10.14,10.25,10.1,10.12,10.12,2301000
2006-11-30,10.1,10.13,9.97,10.0,10.0,3215600
2006-12-01,10.0,10.08,9.78,9.88,9.88,4810400
2006-12-04,9.93,10.13,9.9,10.09,10.09,2922200
2006-12-05,10.01,10.13,9.98,10.08,10.08,2809800
2006-12-06,10.08,10.24,10.08,10.19,10.19,2948000
2006-12-07,10.18,10.26,10.05,10.07,10.07,3066000
2006-12-08,10.01,10.14,10.01,10.06,10.06,2398800
2006-12-11,10.32,10.37,10.07,10.1,10.1,3541200
2006-12-12,10.1,10.14,9.94,10.01,10.01,3150000
2006-12-13,10.07,10.1,9.98,10.02,10.02,2456400
2006-12-14,10.06,10.16,10.04,10.14,10.14,2558600
2006-12-15,10.21,10.22,10.08,10.1,10.1,3652200
2006-12-18,10.1,10.22,10.05,10.08,10.08,2011400
2006-12-19,10.02,10.02,9.78,9.95,9.95,2697000
2006-12-20,9.96,10.04,9.95,9.99,9.99,1912800
2006-12-21,10.01,10.05,9.9,9.94,9.94,2270600
2006-12-22,9.94,10.06,9.94,10.02,10.02,1880400
2006-12-26,9.99,10.04,9.97,10.02,10.02,1506200
2006-12-27,10.03,10.2,10.02,10.18,10.18,2415000
2006-12-28,10.15,10.19,10.04,10.05,10.05,1539800
2006-12-29,10.03,10.14,10.02,10.03,10.03,1862000
2007-01-03,10.12,10.35,10.12,10.23,10.23,4521200
2007-01-04,10.25,10.34,10.0,10.22,10.22,4615800
2007-01-05,10.2,10.93,10.2,10.68,10.68,12265400
2007-01-08,10.7,10.81,10.54,10.67,10.67,8189000
2007-01-09,10.74,10.77,10.58,10.65,10.65,3730400
2007-01-10,10.65,10.71,10.58,10.67,10.67,2441000
2007-01-11,10.72,10.78,10.64,10.7,10.7,2887200
2007-01-12,10.71,10.77,10.6,10.7,10.7,4113200
2007-01-16,10.71,10.84,10.62,10.67,10.67,3107000
2007-01-17,10.68,10.69,10.52,10.54,10.54,1709600
2007-01-18,10.57,10.65,10.47,10.58,10.58,2697800
2007-01-19,10.57,10.59,10.42,10.53,10.53,2831400
2007-01-22,10.56,10.65,10.39,10.5,10.5,2077400
2007-01-23,10.52,10.55,10.43,10.47,10.47,1797200
2007-01-24,10.46,10.57,10.45,10.54,10.54,2159000
2007-01-25,10.47,10.47,10.21,10.25,10.25,3831000
2007-01-26,10.3,10.32,10.14,10.28,10.28,3137600
2007-01-29,10.29,10.47,10.21,10.42,10.42,4050200
2007-01-30,10.43,10.45,10.31,10.37,10.37,1864200
2007-01-31,10.38,10.53,10.31,10.48,10.48,1954800
2007-02-01,10.53,10.6,10.45,10.55,10.55,4134800
2007-02-02,10.55,10.62,10.51,10.58,10.58,2490800
2007-02-05,10.53,10.55,10.41,10.53,10.53,1998600
2007-02-06,10.53,10.58,10.44,10.53,10.53,1774800
2007-02-07,10.55,10.65,10.47,10.6,10.6,2527400
2007-02-08,10.61,11.3,10.6,11.15,11.15,10210800
2007-02-09,11.23,11.23,11.04,11.1,11.1,5508200
2007-02-12,11.13,11.13,10.93,11.0,11.0,4525400
2007-02-13,11.0,11.11,10.91,11.1,11.1,4573200
2007-02-14,11.11,11.34,11.04,11.33,11.33,5114400
2007-02-15,11.31,11.46,11.21,11.38,11.38,3302400
2007-02-16,11.36,11.4,11.22,11.39,11.39,2922600
2007-02-20,11.4,11.58,11.33,11.52,11.52,2695400
2007-02-21,11.51,11.66,11.44,11.52,11.52,2878200
2007-02-22,11.54,11.56,11.33,11.41,11.41,3209600
2007-02-23,11.45,11.45,11.27,11.35,11.35,2456400
2007-02-26,11.4,11.47,11.27,11.39,11.39,1996200
2007-02-27,11.28,11.29,10.93,11.0,11.0,6903200
2007-02-28,11.17,11.55,11.08,11.37,11.37,9211200
2007-03-01,11.15,11.49,11.06,11.46,11.46,9199800
2007-03-02,11.4,11.58,11.4,11.42,11.42,4864800
2007-03-05,11.3,11.52,11.21,11.24,11.24,5016800
2007-03-06,11.28,11.57,11.24,11.54,11.54,5110400
2007-03-07,11.55,11.81,11.49,11.64,11.64,7236000
2007-03-08,11.66,11.85,11.58,11.81,11.81,7944800
2007-03-09,11.86,11.97,11.67,11.89,11.89,10210200
2007-03-12,12.2,12.41,12.12,12.22,12.22,11418200
2007-03-13,12.27,12.27,11.94,11.95,11.95,5419200
2007-03-14,11.92,11.95,11.68,11.85,11.85,4673600
2007-03-15,11.87,12.04,11.85,11.99,11.99,3456600
2007-03-16,11.89,12.0,11.82,11.86,11.86,3125400
2007-03-19,11.91,12.12,11.9,12.01,12.01,4002600
2007-03-20,12.04,12.08,11.92,12.07,12.07,3822200
2007-03-21,12.09,12.33,12.06,12.29,12.29,5268200
2007-03-22,12.3,12.63,12.3,12.57,12.57,6606800
2007-03-23,12.63,12.77,12.59,12.74,12.74,4547400
2007-03-26,12.71,12.74,12.46,12.71,12.71,5344800
2007-03-27,12.65,12.69,12.51,12.56,12.56,3426000
2007-03-28,12.53,12.53,12.28,12.42,12.42,4286600
2007-03-29,12.45,12.54,12.37,12.45,12.45,3798200
2007-03-30,12.5,12.79,12.44,12.75,12.75,3605400
2007-04-02,12.7,12.79,12.55,12.66,12.66,5397600
2007-04-03,12.68,12.89,12.67,12.87,12.87,3732600
2007-04-04,12.72,12.83,12.48,12.76,12.76,3909000
2007-04-05,12.68,12.74,12.62,12.69,12.69,2495600
2007-04-09,12.66,12.75,12.58,12.68,12.68,3225000
2007-04-10,12.6,12.9,12.6,12.86,12.86,2629400
2007-04-11,12.83,12.9,12.71,12.79,12.79,3768600
2007-04-12,12.78,13.1,12.71,13.09,13.09,4361000
2007-04-13,13.06,13.08,12.8,12.88,12.88,4199000
2007-04-16,12.87,13.04,12.87,12.96,12.96,2519000
2007-04-17,12.94,12.97,12.82,12.88,12.88,2534600
2007-04-18,12.86,12.93,12.79,12.84,12.84,2287400
2007-04-19,12.76,12.87,12.65,12.83,12.83,2741000
2007-04-20,12.9,13.32,12.89,13.18,13.18,4133000
2007-04-23,13.16,13.21,13.08,13.15,13.15,1902600
2007-04-24,13.13,13.13,12.91,12.99,12.99,2066400
2007-04-25,13.03,13.24,12.98,13.18,13.18,1650600
2007-04-26,13.18,13.31,13.15,13.23,13.23,3015800
2007-04-27,13.23,13.44,13.22,13.42,13.42,3527000
2007-04-30,13.37,13.42,13.09,13.11,13.11,4889400
2007-05-01,13.1,13.17,12.9,12.99,12.99,3144200
2007-05-02,13.05,13.11,12.97,13.08,13.08,3624200
2007-05-03,13.08,13.26,12.98,13.23,13.23,3735000
2007-05-04,13.29,13.3,13.17,13.28,13.28,1636200
2007-05-07,13.32,13.35,13.22,13.3,13.3,1470800
2007-05-08,13.28,13.31,13.16,13.21,13.21,2337200
2007-05-09,13.22,13.48,13.16,13.42,13.42,2712600
2007-05-10,13.75,13.98,13.61,13.8,13.8,9368400
2007-05-11,13.78,13.93,13.78,13.92,13.92,3018800
2007-05-14,13.88,13.95,13.77,13.83,13.83,2295200
2007-05-15,13.87,13.98,13.61,13.63,13.63,3293000
2007-05-16,13.7,13.81,13.6,13.71,13.71,2867000
2007-05-17,13.71,13.76,13.54,13.72,13.72,3322800
2007-05-18,13.79,13.82,13.59,13.78,13.78,3111600
2007-05-21,13.75,13.94,13.75,13.93,13.93,2211800
2007-05-22,13.95,14.0,13.85,13.97,13.97,1896600
2007-05-23,14.0,14.33,13.99,14.13,14.13,2835000
2007-05-24,14.1,14.2,13.77,13.86,13.86,4183200
2007-05-25,13.87,13.98,13.83,13.85,13.85,1858400
2007-05-29,13.93,14.4,13.92,14.32,14.32,5556600
2007-05-30,14.33,14.42,13.85,14.36,14.36,10618400
2007-05-31,14.38,14.71,13.85,14.1,14.1,8721600
2007-06-01,14.18,14.38,14.11,14.14,14.14,4089600
2007-06-04,14.16,14.24,14.08,14.16,14.16,3306200
2007-06-05,14.13,14.54,14.07,14.52,14.52,4771200
2007-06-06,14.54,15.33,14.37,15.19,15.19,11141600
2007-06-07,15.19,15.19,14.54,14.56,14.56,7839800
2007-06-08,14.65,14.69,14.28,14.54,14.54,6133200
2007-06-11,14.67,14.83,14.63,14.72,14.72,4722000
2007-06-12,14.65,14.72,14.29,14.32,14.32,4284600
2007-06-13,14.44,14.65,14.3,14.5,14.5,2720400
2007-06-14,14.55,14.91,14.5,14.67,14.67,3415800
2007-06-15,14.67,14.68,14.39,14.45,14.45,2898800
2007-06-18,14.56,14.66,14.43,14.51,14.51,2723600
2007-06-19,14.44,14.51,14.2,14.28,14.28,2343600
2007-06-20,14.3,14.4,14.05,14.08,14.08,1835000
2007-06-21,14.04,14.25,13.92,14.22,14.22,1964600
2007-06-22,14.19,14.31,14.0,14.01,14.01,5574600
2007-06-25,13.96,14.19,13.95,13.99,13.99,3781200
2007-06-26,14.12,14.56,14.08,14.33,14.33,5820800
2007-06-27,14.29,14.81,14.28,14.81,14.81,7457400
2007-06-28,14.82,14.84,14.63,14.78,14.78,4040400
2007-06-29,14.82,14.82,14.45,14.52,14.52,3849600
2007-07-02,14.62,14.83,14.49,14.61,14.61,3551400
2007-07-03,14.67,14.67,14.47,14.51,14.51,2049200
2007-07-05,14.58,14.58,14.39,14.58,14.58,2543400
2007-07-06,14.58,14.75,14.46,14.74,14.74,2945600
2007-07-09,14.78,14.78,14.35,14.53,14.53,4163000
2007-07-10,14.43,14.47,13.95,13.96,13.96,4383800
2007-07-11,13.99,14.34,13.83,14.32,14.32,4719600
2007-07-12,14.41,14.8,14.41,14.52,14.52,3861600
2007-07-13,14.53,14.62,14.38,14.53,14.53,2059200
2007-07-16,14.52,14.56,14.34,14.46,14.46,1858400
2007-07-17,14.44,14.47,14.05,14.12,14.12,2421800
2007-07-18,14.13,14.24,13.95,14.1,14.1,2606600
2007-07-19,14.2,14.31,14.06,14.09,14.09,1583400
2007-07-20,14.07,14.07,13.65,13.76,13.76,2457800
2007-07-23,13.85,13.91,13.68,13.78,13.78,3204000
2007-07-24,13.68,13.75,13.43,13.49,13.49,3278600
2007-07-25,13.52,13.53,13.3,13.43,13.43,3177200
2007-07-26,13.28,13.32,12.64,12.72,12.72,7203800
2007-07-27,12.68,13.15,12.68,12.95,12.95,6810200
2007-07-30,12.94,13.18,12.79,13.09,13.09,6328800
2007-07-31,13.21,13.41,12.74,12.75,12.75,5236400
2007-08-01,12.76,13.02,12.67,12.91,12.91,6011400
2007-08-02,12.95,13.53,12.95,13.39,13.39,4637400
2007-08-03,13.37,13.4,12.79,12.83,12.83,4413800
2007-08-06,12.8,13.37,12.79,13.3,13.3,5288400
2007-08-07,13.27,13.76,13.22,13.65,13.65,5136200
2007-08-08,13.76,14.46,13.49,14.15,14.15,7083200
2007-08-09,13.65,13.83,12.45,13.09,13.09,10488800
2007-08-10,13.07,13.5,12.26,13.03,13.03,7036800
2007-08-13,13.21,13.62,12.72,12.72,12.72,4946600
2007-08-14,12.67,12.75,12.1,12.49,12.49,5402000
2007-08-15,12.45,12.58,12.23,12.25,12.25,2841800
2007-08-16,12.14,12.33,11.64,11.96,11.96,5329400
2007-08-17,12.27,12.6,12.15,12.4,12.4,4410200
2007-08-20,12.66,13.05,12.51,12.74,12.74,4007000
2007-08-21,12.65,12.78,12.44,12.58,12.58,1886000
2007-08-22,12.73,13.0,12.7,12.98,12.98,2656400
2007-08-23,13.06,13.5,12.69,12.73,12.73,2934000
2007-08-24,12.72,13.15,12.7,13.08,13.08,3322200
2007-08-27,13.16,13.43,13.04,13.31,13.31,4513800
2007-08-28,13.36,13.38,12.87,12.96,12.96,4689600
2007-08-29,13.04,13.7,12.97,13.66,13.66,5596800
2007-08-30,13.44,13.7,13.35,13.49,13.49,4035600
2007-08-31,13.67,14.57,13.67,14.48,14.48,6426800
2007-09-04,14.39,14.71,14.35,14.41,14.41,5671400
2007-09-05,14.25,14.31,13.95,14.08,14.08,5431200
2007-09-06,14.14,14.4,13.9,14.0,14.0,4119000
2007-09-07,13.89,14.0,13.7,13.77,13.77,4980800
2007-09-10,13.87,13.99,13.46,13.77,13.77,3974400
2007-09-11,13.81,14.08,13.8,13.94,13.94,3997800
2007-09-12,13.94,13.97,13.78,13.79,13.79,3262800
2007-09-13,13.89,14.09,13.71,13.99,13.99,3067400
2007-09-14,13.98,14.04,13.73,13.97,13.97,3348200
2007-09-17,13.9,13.93,13.67,13.74,13.74,2985200
2007-09-18,13.86,14.4,13.76,14.22,14.22,3684200
2007-09-19,14.21,14.71,14.14,14.25,14.25,3954600
2007-09-20,14.17,14.27,13.88,13.97,13.97,4094600
2007-09-21,14.07,14.13,13.79,13.87,13.87,5597400
2007-09-24,13.92,14.03,13.67,13.73,13.73,3937200
2007-09-25,13.58,13.89,13.45,13.75,13.75,3658200
2007-09-26,13.74,13.94,13.74,13.86,13.86,2361600
2007-09-27,13.94,14.16,13.82,13.89,13.89,3079200
2007-09-28,13.87,13.94,13.49,13.51,13.51,4569200
2007-10-01,13.49,13.87,13.48,13.75,13.75,3200400
2007-10-02,13.86,14.01,13.75,13.98,13.98,4209000
2007-10-03,13.87,14.32,13.87,14.03,14.03,3339000
2007-10-04,14.11,14.14,13.46,13.5,13.5,5200400
2007-10-05,13.71,13.92,13.57,13.79,13.79,4781600
2007-10-08,13.82,13.83,13.66,13.71,13.71,2011200
2007-10-09,13.72,13.83,13.62,13.8,13.8,2378000
2007-10-10,13.75,13.96,13.75,13.85,13.85,2734200
2007-10-11,13.99,14.25,13.87,13.96,13.96,2633600
2007-10-12,13.98,13.98,13.65,13.75,13.75,2298000
2007-10-15,13.73,13.75,13.31,13.56,13.56,2499000
2007-10-16,13.47,13.52,13.0,13.13,13.13,3722400
2007-10-17,13.2,13.27,12.89,13.12,13.12,2778200
2007-10-18,13.04,13.16,12.88,13.01,13.01,2056200
2007-10-19,12.99,13.06,12.47,12.49,12.49,3751800
2007-10-22,11.93,12.33,11.23,12.3,12.3,13821600
2007-10-23,12.32,12.47,12.08,12.19,12.19,15086000
2007-10-24,12.14,12.29,11.98,12.24,12.24,5811200
2007-10-25,12.3,12.45,12.03,12.11,12.11,4673400
2007-10-26,12.24,12.66,12.16,12.66,12.66,3560400
2007-10-29,12.61,12.69,12.44,12.5,12.5,3366200
2007-10-30,12.51,12.96,12.41,12.79,12.79,3691800
2007-10-31,12.87,12.9,12.52,12.77,12.77,3568400
2007-11-01,12.6,12.76,12.19,12.2,12.2,3633000
2007-11-02,12.28,12.4,12.0,12.17,12.17,3582600
2007-11-05,12.01,12.06,11.35,11.35,11.35,6434600
2007-11-06,11.46,11.67,11.31,11.57,11.57,3921800
2007-11-07,11.43,11.54,11.16,11.16,11.16,4146600
2007-11-08,11.09,11.37,10.04,10.56,10.56,12883400
2007-11-09,10.23,10.23,9.51,9.55,9.55,8060400
2007-11-12,9.51,10.0,9.48,9.56,9.56,7229600
2007-11-13,9.61,9.79,9.58,9.7,9.7,5046200
2007-11-14,9.77,9.82,9.3,9.32,9.32,5840000
2007-11-15,9.29,9.32,9.0,9.14,9.14,5985800
2007-11-16,9.13,9.22,8.83,8.88,8.88,5067200
2007-11-19,8.8,8.94,8.72,8.74,8.74,8277200
2007-11-20,9.15,9.61,8.87,9.04,9.04,11685800
2007-11-21,8.87,9.09,8.67,8.97,8.97,8177400
2007-11-23,8.72,9.15,8.7,8.93,8.93,3909600
2007-11-26,9.03,9.06,8.83,8.97,8.97,9885000
2007-11-27,8.94,9.07,8.77,9.07,9.07,8595800
2007-11-28,9.27,9.27,8.39,8.96,8.96,14908800
2007-11-29,9.5,9.6,9.19,9.49,9.49,12455400
2007-11-30,9.5,9.71,9.27,9.55,9.55,10167600
2007-12-03,9.52,9.89,9.52,9.81,9.81,10718600
2007-12-04,9.69,9.8,9.62,9.62,9.62,6165800
2007-12-05,9.67,9.8,9.63,9.74,9.74,5112200
2007-12-06,9.62,9.62,9.31,9.41,9.41,7455200
2007-12-07,9.33,9.85,9.31,9.75,9.75,7179600
2007-12-10,9.78,9.86,9.62,9.79,9.79,4633200
2007-12-11,9.79,9.8,9.35,9.38,9.38,7408800
2007-12-12,9.52,9.79,9.18,9.28,9.28,4961600
2007-12-13,9.25,9.37,9.14,9.28,9.28,4316600
2007-12-14,9.23,9.28,8.84,8.87,8.87,8954600
2007-12-17,8.84,8.97,8.57,8.61,8.61,8485800
2007-12-18,8.53,8.8,8.39,8.73,8.73,6726600
2007-12-19,8.65,8.9,8.59,8.73,8.73,4758200
2007-12-20,8.73,8.81,8.54,8.77,8.77,3736800
2007-12-21,8.97,9.07,8.72,8.82,8.82,7099800
2007-12-24,8.85,9.1,8.85,9.1,9.1,1099200
2007-12-26,8.98,8.98,8.79,8.91,8.91,2824200
2007-12-27,8.84,8.87,8.7,8.77,8.77,2096000
2007-12-28,8.68,8.81,8.61,8.71,8.71,2968800
2007-12-31,8.68,8.73,8.57,8.64,8.64,3143600
2008-01-02,8.64,8.67,8.34,8.44,8.44,2906400
2008-01-03,8.43,8.46,8.07,8.11,8.11,2644800
2008-01-04,8.04,8.04,7.64,7.71,7.71,4484600
2008-01-07,7.66,7.78,7.54,7.69,7.69,4986800
2008-01-08,7.68,7.71,7.42,7.42,7.42,6260600
2008-01-09,7.42,7.43,6.91,7.3,7.3,7863200
2008-01-10,7.18,7.7,7.12,7.61,7.61,5985000
2008-01-11,7.55,7.55,7.32,7.42,7.42,5415200
2008-01-14,7.56,7.56,7.31,7.38,7.38,4539600
2008-01-15,7.28,7.31,7.09,7.1,7.1,3512600
2008-01-16,7.04,7.69,7.03,7.6,7.6,7772400
2008-01-17,7.62,7.84,7.6,7.7,7.7,5774400
2008-01-18,7.71,7.99,7.63,7.83,7.83,5996400
2008-01-22,7.37,8.29,7.2,8.14,8.14,5392400
2008-01-23,7.96,8.47,7.68,8.46,8.46,8672400
2008-01-24,8.46,8.62,8.25,8.61,8.61,7091600
2008-01-25,8.63,8.89,8.48,8.6,8.6,7515800
2008-01-28,8.57,8.85,8.49,8.84,8.84,5808200
2008-01-29,8.89,8.95,8.59,8.93,8.93,3738000
2008-01-30,8.87,8.88,8.53,8.54,8.54,6887400
2008-01-31,8.48,9.51,8.29,9.34,9.34,10038600
2008-02-01,9.33,9.36,9.0,9.26,9.26,5462000
2008-02-04,9.21,9.3,8.74,8.86,8.86,4955400
2008-02-05,8.77,8.86,8.48,8.5,8.5,5038400
2008-02-06,8.51,8.75,8.25,8.28,8.28,3704600
2008-02-07,8.23,8.74,8.22,8.66,8.66,7637400
2008-02-08,8.63,8.76,8.33,8.45,8.45,4274000
2008-02-11,8.44,8.8,8.34,8.78,8.78,4320000
2008-02-12,8.83,9.08,8.73,8.81,8.81,4860000
2008-02-13,8.91,9.0,8.78,8.89,8.89,3935400
2008-02-14,8.92,8.92,8.44,8.44,8.44,4158800
2008-02-15,8.41,8.42,8.25,8.39,8.39,3392600
2008-02-19,8.5,8.58,8.18,8.2,8.2,3426200
2008-02-20,8.14,8.66,8.12,8.59,8.59,4467800
2008-02-21,8.6,8.7,8.32,8.32,8.32,3453200
2008-02-22,8.3,8.52,8.17,8.51,8.51,3486000
2008-02-25,8.47,8.62,8.15,8.57,8.57,6287000
2008-02-26,8.45,8.8,8.37,8.8,8.8,6353000
2008-02-27,9.28,10.13,9.28,9.71,9.71,14936400
2008-02-28,9.58,9.66,9.32,9.44,9.44,8352600
2008-02-29,9.43,9.46,8.87,8.94,8.94,8759600
2008-03-03,8.87,9.49,8.7,9.29,9.29,5162600
2008-03-04,9.16,9.34,9.07,9.29,9.29,4986200
2008-03-05,9.36,9.68,9.32,9.47,9.47,4670400
2008-03-06,9.5,9.59,8.93,9.02,9.02,4172400
2008-03-07,8.93,9.21,8.76,8.89,8.89,5020200
2008-03-10,8.88,9.01,8.67,8.68,8.68,4443600
2008-03-11,8.88,8.99,8.61,8.87,8.87,4483200
2008-03-12,8.87,9.31,8.78,8.97,8.97,5659400
2008-03-13,8.99,9.22,8.81,9.17,9.17,6947000
2008-03-14,9.27,9.27,8.79,8.91,8.91,5625600
2008-03-17,8.74,8.88,8.41,8.61,8.61,4466000
2008-03-18,8.74,9.18,8.63,9.04,9.04,6603200
2008-03-19,9.03,9.25,8.85,8.92,8.92,6322800
2008-03-20,8.94,9.81,8.92,9.6,9.6,7190400
2008-03-24,9.65,10.33,9.65,10.01,10.01,8452200
2008-03-25,9.9,9.99,9.56,9.8,9.8,5950800
2008-03-26,9.77,9.85,9.41,9.55,9.55,4475000
2008-03-27,9.57,9.57,9.15,9.17,9.17,6123000
2008-03-28,9.22,9.3,8.96,9.0,9.0,3938400
2008-03-31,8.99,9.3,8.95,9.2,9.2,4285800
2008-04-01,9.3,9.89,9.3,9.71,9.71,4965200
2008-04-02,9.92,10.23,9.83,10.02,10.02,6095400
2008-04-03,9.96,10.03,9.63,9.94,9.94,3893600
2008-04-04,9.93,9.94,9.62,9.77,9.77,4053200
2008-04-07,9.72,9.92,9.51,9.68,9.68,4193000
2008-04-08,9.63,9.69,9.37,9.46,9.46,5147400
2008-04-09,9.56,9.65,9.17,9.22,9.22,4191200
2008-04-10,9.25,9.61,9.14,9.54,9.54,4089800
2008-04-11,9.42,9.62,9.32,9.48,9.48,3217400
2008-04-14,9.54,9.67,9.38,9.53,9.53,3511800
2008-04-15,9.58,9.64,9.44,9.62,9.62,4900800
2008-04-16,9.67,9.9,9.63,9.66,9.66,6332600
2008-04-17,9.62,9.69,9.4,9.59,9.59,2773400
2008-04-18,9.77,10.28,9.7,10.18,10.18,5787000
2008-04-21,10.03,10.25,10.0,10.23,10.23,4522800
2008-04-22,10.17,10.25,9.82,9.88,9.88,4013600
2008-04-23,9.85,10.12,9.72,10.08,10.08,3594600
2008-04-24,10.13,10.49,10.02,10.27,10.27,3717200
2008-04-25,10.42,10.52,10.13,10.5,10.5,2654600
2008-04-28,10.48,10.5,10.21,10.27,10.27,2640600
2008-04-29,10.25,10.4,10.12,10.36,10.36,3586200
2008-04-30,10.4,10.82,10.19,10.53,10.53,4636400
2008-05-01,10.53,10.71,10.44,10.53,10.53,6144000
2008-05-02,10.63,10.67,10.18,10.31,10.31,4558200
2008-05-05,10.32,10.38,10.05,10.3,10.3,3217200
2008-05-06,10.27,10.42,10.05,10.36,10.36,2678400
2008-05-07,10.33,10.4,10.05,10.1,10.1,4313600
2008-05-08,10.33,11.21,10.33,11.14,11.14,10032800
2008-05-09,11.03,11.72,11.03,11.51,11.51,9343200
2008-05-12,11.66,11.85,11.34,11.83,11.83,9247200
2008-05-13,11.76,11.96,11.64,11.9,11.9,4952000
2008-05-14,11.97,12.08,11.74,11.83,11.83,4764000
2008-05-15,11.81,11.89,11.68,11.85,11.85,4604600
2008-05-16,11.92,11.95,11.46,11.66,11.66,2863400
2008-05-19,11.64,11.71,11.32,11.39,11.39,3897600
2008-05-20,11.29,11.5,11.11,11.26,11.26,4415400
2008-05-21,11.24,11.39,10.87,10.94,10.94,5026800
2008-05-22,11.0,11.15,10.84,11.01,11.01,4441200
2008-05-23,10.99,11.1,10.77,11.02,11.02,4908600
2008-05-27,11.06,11.39,10.94,11.26,11.26,5233200
2008-05-28,11.58,12.22,11.41,12.1,12.1,11540600
2008-05-29,12.0,12.77,12.0,12.66,12.66,9043400
2008-05-30,12.79,12.79,12.24,12.3,12.3,8930000
2008-06-02,12.3,12.45,12.01,12.14,12.14,5705600
2008-06-03,12.16,12.34,12.02,12.23,12.23,4112600
2008-06-04,12.16,12.37,12.06,12.34,12.34,4449000
2008-06-05,12.36,12.46,12.32,12.45,12.45,5677200
2008-06-06,12.33,12.33,12.01,12.05,12.05,4065000
2008-06-09,12.02,12.22,11.97,12.07,12.07,4826000
2008-06-10,11.96,12.13,11.81,11.98,11.98,3776000
2008-06-11,11.95,12.07,11.75,11.84,11.84,5108000
2008-06-12,11.95,12.33,11.92,11.98,11.98,4124000
2008-06-13,12.09,12.31,12.05,12.31,12.31,3152600
2008-06-16,12.25,12.37,12.1,12.34,12.34,3262800
2008-06-17,12.33,12.34,12.12,12.17,12.17,2729600
2008-06-18,12.0,12.06,11.76,11.91,11.91,3491400
2008-06-19,11.88,12.41,11.77,12.36,12.36,4362200
2008-06-20,12.27,12.42,11.75,11.75,11.75,8283600
2008-06-23,11.78,11.83,11.36,11.46,11.46,5722800
2008-06-24,11.44,11.48,11.02,11.23,11.23,5755400
2008-06-25,11.22,11.66,11.22,11.44,11.44,4197000
2008-06-26,11.32,11.38,11.04,11.11,11.11,3116400
2008-06-27,11.15,11.15,10.62,10.84,10.84,4391400
2008-06-30,10.68,10.95,10.24,10.9,10.9,7228200
2008-07-01,10.8,11.05,10.48,11.03,11.03,5384600
2008-07-02,11.47,11.8,11.29,11.64,11.64,11814000
2008-07-03,11.66,11.74,11.28,11.45,11.45,2891600
2008-07-07,11.49,11.88,11.29,11.48,11.48,3551000
2008-07-08,11.44,11.99,11.41,11.93,11.93,5471600
2008-07-09,12.05,12.2,11.81,11.89,11.89,4698600
2008-07-10,11.85,11.92,11.44,11.57,11.57,5201600
2008-07-11,11.44,11.56,11.09,11.39,11.39,3155400
2008-07-14,11.49,11.64,11.04,11.13,11.13,3872600
2008-07-15,11.16,11.39,10.51,11.31,11.31,6688400
2008-07-16,11.32,12.2,11.24,12.13,12.13,7258200
2008-07-17,12.23,12.77,11.93,12.62,12.62,6345800
2008-07-18,12.45,12.6,12.09,12.3,12.3,3459600
2008-07-21,12.31,12.38,12.03,12.1,12.1,3010400
2008-07-22,11.95,12.74,11.95,12.69,12.69,4821000
2008-07-23,12.37,13.33,12.31,12.8,12.8,7385600
2008-07-24,12.81,12.91,12.31,12.33,12.33,3988200
2008-07-25,12.35,12.65,12.09,12.15,12.15,3260000
2008-07-28,12.22,12.41,11.82,11.85,11.85,4129800
2008-07-29,11.79,12.29,11.79,12.26,12.26,4608200
2008-07-30,12.32,12.6,11.9,12.23,12.23,3279600
2008-07-31,12.25,12.74,11.99,12.5,12.5,6029000
2008-08-01,12.42,12.6,12.14,12.42,12.42,3667400
2008-08-04,12.45,12.94,12.3,12.59,12.59,4719000
2008-08-05,12.68,13.15,12.47,13.08,13.08,5531600
2008-08-06,12.93,12.97,12.42,12.63,12.63,6876000
2008-08-07,12.5,13.12,12.49,12.88,12.88,9141600
2008-08-08,12.94,13.54,12.94,13.45,13.45,7068600
2008-08-11,13.43,14.07,13.33,13.44,13.44,9841200
2008-08-12,13.38,13.6,13.1,13.32,13.32,6811200
2008-08-13,13.25,13.41,12.75,12.98,12.98,5178000
2008-08-14,12.95,13.57,12.89,13.34,13.34,4956800
2008-08-15,13.38,13.66,13.27,13.33,13.33,5526200
2008-08-18,13.43,13.56,13.32,13.38,13.38,4712400
2008-08-19,13.28,13.41,13.1,13.17,13.17,4578800
2008-08-20,13.26,13.45,12.97,13.05,13.05,4919400
2008-08-21,12.95,13.16,12.89,13.14,13.14,5078400
2008-08-22,13.16,13.52,13.08,13.5,13.5,3492600
2008-08-25,13.46,13.5,12.89,13.0,13.0,4643600
2008-08-26,13.07,13.15,12.8,13.06,13.06,7994000
2008-08-27,12.13,12.87,12.1,12.65,12.65,18102200
2008-08-28,12.66,13.02,12.54,12.97,12.97,6912200
2008-08-29,12.93,13.0,12.77,12.79,12.79,4245600
2008-09-02,13.0,13.4,12.85,12.95,12.95,5360000
2008-09-03,12.89,13.11,12.79,12.88,12.88,4323000
2008-09-04,12.76,12.96,12.67,12.85,12.85,5505000
2008-09-05,12.71,13.03,12.51,12.96,12.96,5205000
2008-09-08,13.11,13.56,13.03,13.53,13.53,6580200
2008-09-09,13.42,13.97,13.23,13.3,13.3,10044200
2008-09-10,13.37,13.48,13.11,13.31,13.31,6042800
2008-09-11,13.16,13.73,13.04,13.69,13.69,6229200
2008-09-12,13.43,13.54,13.05,13.28,13.28,7825800
2008-09-15,13.01,13.67,12.94,13.38,13.38,6166200
2008-09-16,13.1,13.62,12.72,13.23,13.23,6774800
2008-09-17,12.91,13.22,12.55,12.61,12.61,6983400
2008-09-18,12.51,12.84,12.36,12.77,12.77,10701600
2008-09-19,13.23,13.33,12.45,12.53,12.53,11237400
2008-09-22,12.54,12.74,12.05,12.1,12.1,6487400
2008-09-23,12.1,12.37,12.03,12.17,12.17,5614400
2008-09-24,12.02,12.22,11.9,12.09,12.09,2638400
2008-09-25,12.17,12.59,12.01,12.34,12.34,4895600
2008-09-26,12.13,12.57,12.11,12.54,12.54,3121200
2008-09-29,12.37,12.9,12.09,12.27,12.27,5605400
2008-09-30,12.4,12.41,12.05,12.12,12.12,6161000
2008-10-01,12.23,12.33,11.94,12.04,12.04,3973800
2008-10-02,11.89,12.14,11.71,11.82,11.82,3346400
2008-10-03,12.01,12.5,11.73,11.76,11.76,7212200
2008-10-06,11.61,12.13,11.17,12.08,12.08,9027600
2008-10-07,12.07,12.09,11.43,11.45,11.45,6085800
2008-10-08,11.23,12.06,11.23,11.82,11.82,10483200
2008-10-09,11.95,12.17,10.7,10.87,10.87,9657200
2008-10-10,10.57,11.32,10.06,10.91,10.91,8913800
2008-10-13,11.5,11.92,11.33,11.92,11.92,5161400
2008-10-14,11.98,12.57,11.11,11.37,11.37,8325600
2008-10-15,11.45,11.96,11.18,11.64,11.64,8360400
2008-10-16,11.67,12.22,11.04,12.15,12.15,9670200
2008-10-17,11.79,12.1,10.79,11.55,11.55,9524000
2008-10-20,11.71,11.96,11.44,11.55,11.55,7313000
2008-10-21,11.5,11.95,11.42,11.62,11.62,5511200
2008-10-22,11.57,11.7,11.08,11.43,11.43,5491800
2008-10-23,11.53,11.8,11.05,11.54,11.54,8806800
2008-10-24,10.53,11.8,10.43,11.57,11.57,6805400
2008-10-27,11.38,11.98,11.11,11.47,11.47,6282000
2008-10-28,11.6,12.33,11.24,12.31,12.31,7119600
2008-10-29,12.32,13.33,12.13,12.84,12.84,10804200
2008-10-30,13.18,13.21,12.57,12.87,12.87,6730200
2008-10-31,12.91,13.26,12.44,12.67,12.67,6800000
2008-11-03,12.7,12.88,12.56,12.67,12.67,5173800
2008-11-04,12.81,12.84,12.28,12.66,12.66,5987000
2008-11-05,12.35,12.6,11.82,11.86,11.86,5933600
2008-11-06,12.19,13.13,12.16,12.76,12.76,13618400
2008-11-07,12.82,12.89,12.39,12.63,12.63,6366600
2008-11-10,12.92,12.92,12.41,12.61,12.61,3244400
2008-11-11,12.54,13.18,12.28,12.81,12.81,5315000
2008-11-12,12.82,12.83,12.47,12.48,12.48,6189800
2008-11-13,12.74,13.36,12.13,13.33,13.33,11649000
2008-11-14,13.37,13.49,12.69,12.84,12.84,6194600
2008-11-17,12.8,13.19,12.48,12.52,12.52,8379600
2008-11-18,12.42,12.92,12.14,12.53,12.53,8019000
2008-11-19,12.5,12.86,12.3,12.31,12.31,11364000
2008-11-20,12.18,12.44,11.36,11.39,11.39,14400800
2008-11-21,11.57,11.89,9.2,11.76,11.76,12480600
2008-11-24,11.88,12.95,11.59,12.76,12.76,12734600
2008-11-25,13.44,13.93,12.76,13.93,13.93,17150600
2008-11-26,13.51,14.01,13.45,13.87,13.87,9998600
2008-11-28,14.0,14.24,13.59,14.1,14.1,3265800
2008-12-01,14.0,14.02,13.02,13.04,13.04,9088200
2008-12-02,13.35,13.57,12.55,12.71,12.71,12020400
2008-12-03,12.51,13.51,12.51,13.5,13.5,9852600
2008-12-04,13.57,13.91,13.07,13.36,13.36,10680800
2008-12-05,13.48,14.1,12.92,14.1,14.1,9079800
2008-12-08,13.98,14.43,13.26,13.45,13.45,8110400
2008-12-09,13.47,13.91,13.25,13.34,13.34,8406800
2008-12-10,13.6,13.9,13.33,13.71,13.71,7045400
2008-12-11,13.55,13.71,13.35,13.62,13.62,6896600
2008-12-12,13.27,13.93,13.25,13.87,13.87,5941200
2008-12-15,13.85,14.06,13.41,13.64,13.64,6803400
2008-12-16,13.86,14.22,13.66,14.18,14.18,5800800
2008-12-17,13.99,14.67,13.89,14.58,14.58,10524600
2008-12-18,14.7,14.7,14.33,14.45,14.45,5736600
2008-12-19,14.48,14.62,14.21,14.57,14.57,8865000
2008-12-22,14.03,14.26,13.9,14.15,14.15,8772800
2008-12-23,14.15,14.19,13.73,13.8,13.8,5547800
2008-12-24,13.8,14.07,13.7,13.76,13.76,1649000
2008-12-26,13.91,14.04,13.7,13.97,13.97,1954800
2008-12-29,13.74,13.82,13.5,13.57,13.57,3120600
2008-12-30,13.79,13.79,13.43,13.61,13.61,4349000
2008-12-31,13.65,14.0,13.51,13.9,13.9,5470200
2009-01-02,13.97,14.16,13.87,14.02,14.02,4418600
2009-01-05,14.08,14.15,13.75,13.94,13.94,5728200
2009-01-06,13.96,14.06,13.17,13.22,13.22,10810400
2009-01-07,13.67,14.07,13.5,13.85,13.85,9786200
2009-01-08,13.77,13.94,13.37,13.88,13.88,8239800
2009-01-09,13.89,13.98,13.48,13.67,13.67,5319000
2009-01-12,13.6,13.83,13.43,13.66,13.66,5088600
2009-01-13,13.58,13.98,13.47,13.73,13.73,4842600
2009-01-14,13.51,13.72,13.48,13.62,13.62,4861200
2009-01-15,13.96,14.63,13.69,14.52,14.52,12044000
2009-01-16,14.63,14.64,14.24,14.44,14.44,4798400
2009-01-20,14.34,14.5,14.11,14.23,14.23,5925600
2009-01-21,14.33,14.58,13.98,14.36,14.36,7133000
2009-01-22,14.23,14.52,14.0,14.35,14.35,4245800
2009-01-23,14.2,14.39,14.02,14.16,14.16,3755600
2009-01-26,14.24,14.41,14.06,14.19,14.19,3410600
2009-01-27,14.3,14.36,14.12,14.28,14.28,2630600
2009-01-28,14.45,14.66,14.33,14.57,14.57,4127000
2009-01-29,14.55,14.68,14.32,14.42,14.42,3588600
2009-01-30,14.45,14.58,14.17,14.24,14.24,3749600
2009-02-02,14.29,14.41,14.04,14.27,14.27,4222200
2009-02-03,14.31,14.77,14.14,14.65,14.65,6516600
2009-02-04,14.31,14.37,13.74,13.92,13.92,12307800
2009-02-05,12.75,12.75,11.39,11.68,11.68,37380000
2009-02-06,12.01,12.21,11.63,11.8,11.8,11869400
2009-02-09,11.79,11.96,11.68,11.8,11.8,9026000
2009-02-10,11.82,12.11,11.59,11.68,11.68,8586800
2009-02-11,11.69,11.75,11.24,11.43,11.43,7310000
2009-02-12,11.2,11.56,11.05,11.56,11.56,6632600
2009-02-13,11.45,11.55,11.18,11.23,11.23,7778600
2009-02-17,11.01,11.56,10.98,11.39,11.39,8997000
2009-02-18,11.55,11.66,11.18,11.31,11.31,7986600
2009-02-19,11.32,11.5,11.26,11.46,11.46,6038400
2009-02-20,11.48,11.88,11.48,11.73,11.73,11428800
2009-02-23,11.77,11.87,11.57,11.6,11.6,7836200
2009-02-24,11.62,12.04,11.61,12.02,12.02,9798200
2009-02-25,12.13,12.4,11.84,12.09,12.09,14531600
2009-02-26,12.57,12.73,12.33,12.35,12.35,13189800
2009-02-27,12.32,13.18,12.2,12.94,12.94,15597200
2009-03-02,12.92,13.2,12.87,13.08,13.08,12247200
2009-03-03,13.17,13.31,12.63,12.72,12.72,12975800
2009-03-04,12.88,13.29,12.69,13.01,13.01,10125000
2009-03-05,13.14,13.64,13.03,13.37,13.37,14647400
2009-03-06,13.4,13.46,12.85,13.19,13.19,9381800
2009-03-09,13.04,13.44,12.91,13.33,13.33,8933600
2009-03-10,13.47,14.1,13.38,13.75,13.75,12377400
2009-03-11,13.75,13.95,13.49,13.63,13.63,9795600
2009-03-12,13.6,13.85,13.38,13.76,13.76,6910400
2009-03-13,13.69,13.85,13.59,13.74,13.74,6407600
2009-03-16,13.67,13.85,13.32,13.37,13.37,7334000
2009-03-17,13.32,13.88,13.26,13.86,13.86,5538600
2009-03-18,13.79,14.15,13.62,13.89,13.89,6247800
2009-03-19,13.92,14.04,13.66,13.87,13.87,6425600
2009-03-20,13.77,13.87,13.5,13.64,13.64,5310000
2009-03-23,13.67,13.89,13.42,13.79,13.79,8109600
2009-03-24,13.37,13.87,13.37,13.47,13.47,8793600
2009-03-25,13.6,14.11,13.53,14.08,14.08,7148400
2009-03-26,14.09,14.65,14.07,14.57,14.57,6327000
2009-03-27,14.43,14.7,14.2,14.61,14.61,6467600
2009-03-30,14.46,15.0,14.31,14.97,14.97,8647400
2009-03-31,15.01,15.11,14.67,14.85,14.85,6996800
2009-04-01,14.73,14.77,14.38,14.52,14.52,13388000
2009-04-02,14.69,15.01,14.32,14.42,14.42,9023000
2009-04-03,13.88,14.21,13.83,14.08,14.08,9435200
2009-04-06,13.98,14.35,13.97,14.14,14.14,7325400
2009-04-07,14.3,14.8,14.23,14.67,14.67,9678800
2009-04-08,14.67,14.9,14.43,14.56,14.56,8771400
2009-04-09,14.88,14.88,14.36,14.7,14.7,4806200
2009-04-13,14.69,14.81,14.52,14.63,14.63,4956000
2009-04-14,14.53,14.58,14.28,14.35,14.35,3758400
2009-04-15,14.49,14.49,13.92,14.22,14.22,7224600
2009-04-16,14.27,14.62,14.19,14.53,14.53,3916400
2009-04-17,14.56,14.58,14.19,14.22,14.22,6087000
2009-04-20,14.17,14.49,14.08,14.43,14.43,5535000
2009-04-21,14.48,14.54,14.07,14.35,14.35,5559200
2009-04-22,14.21,14.91,14.14,14.5,14.5,4122000
2009-04-23,14.46,14.56,14.17,14.31,14.31,4872800
2009-04-24,14.33,14.52,14.12,14.19,14.19,4692800
2009-04-27,14.18,14.63,14.01,14.36,14.36,3127400
2009-04-28,14.42,15.03,14.33,14.63,14.63,5262200
2009-04-29,14.77,14.89,14.3,14.35,14.35,4072400
2009-04-30,14.48,14.51,14.1,14.11,14.11,6069000
2009-05-01,14.31,14.31,13.72,13.84,13.84,4198800
2009-05-04,14.01,14.55,13.86,14.39,14.39,5298800
2009-05-05,14.31,14.52,14.18,14.41,14.41,4647600
2009-05-06,14.44,14.65,14.02,14.26,14.26,4840800
2009-05-07,14.73,14.86,14.35,14.45,14.45,8237400
2009-05-08,14.62,14.62,13.89,14.12,14.12,5257800
2009-05-11,13.77,14.51,13.7,14.33,14.33,4803000
2009-05-12,14.51,14.51,14.03,14.13,14.13,3569000
2009-05-13,14.02,14.08,13.85,13.96,13.96,2756000
2009-05-14,14.02,14.22,13.9,14.01,14.01,3069200
2009-05-15,13.95,14.22,13.87,14.07,14.07,2595200
2009-05-18,14.33,14.34,13.72,14.06,14.06,5967800
2009-05-19,13.95,14.39,13.92,14.24,14.24,4448400
2009-05-20,14.47,14.67,13.86,14.02,14.02,6594200
2009-05-21,14.0,14.27,13.92,14.15,14.15,5126400
2009-05-22,14.2,14.37,14.0,14.22,14.22,3745400
2009-05-26,14.39,14.83,14.14,14.8,14.8,7303800
2009-05-27,14.84,15.58,14.7,15.1,15.1,13415000
2009-05-28,15.08,15.33,14.72,14.91,14.91,6543600
2009-05-29,14.97,15.0,14.63,14.92,14.92,5109600
2009-06-01,14.93,15.27,14.84,15.09,15.09,5517200
2009-06-02,15.08,15.47,14.95,15.41,15.41,7156800
2009-06-03,15.34,15.41,15.03,15.12,15.12,4014000
2009-06-04,15.05,15.08,14.52,14.76,14.76,4458000
2009-06-05,14.82,14.94,14.61,14.79,14.79,4143000
2009-06-08,14.85,14.91,14.66,14.76,14.76,4229600
2009-06-09,14.86,14.9,14.49,14.77,14.77,5265800
2009-06-10,14.81,14.85,14.54,14.72,14.72,4536200
2009-06-11,14.77,14.82,14.47,14.49,14.49,4983600
2009-06-12,14.45,14.57,14.19,14.43,14.43,3515400
2009-06-15,14.39,14.42,14.05,14.12,14.12,4538600
2009-06-16,14.13,14.18,13.73,13.9,13.9,4683200
2009-06-17,13.87,14.23,13.77,14.04,14.04,3949200
2009-06-18,14.11,14.11,13.85,13.91,13.91,2283800
2009-06-19,14.03,14.17,13.91,14.06,14.06,3526800
2009-06-22,13.86,14.11,13.82,13.95,13.95,3135600
2009-06-23,13.91,14.16,13.74,13.78,13.78,3163200
2009-06-24,13.8,14.06,13.7,13.77,13.77,3766400
2009-06-25,13.78,14.13,13.78,14.02,14.02,3067200
2009-06-26,14.03,14.31,13.92,14.22,14.22,4191800
2009-06-29,14.29,14.36,14.1,14.24,14.24,2231000
2009-06-30,14.22,14.43,13.99,14.03,14.03,3247200
2009-07-01,14.15,14.28,14.11,14.14,14.14,3109200
2009-07-02,14.0,14.07,13.75,13.8,13.8,3226400
2009-07-06,13.69,13.92,13.55,13.71,13.71,3371600
2009-07-07,13.74,13.75,13.53,13.53,13.53,3148200
2009-07-08,14.04,14.63,14.0,14.61,14.61,7685000
2009-07-09,14.7,14.85,14.47,14.56,14.56,3360200
2009-07-10,14.56,14.73,14.27,14.32,14.32,3495600
2009-07-13,14.4,14.58,14.15,14.53,14.53,3706400
2009-07-14,14.6,14.63,14.33,14.57,14.57,3693800
2009-07-15,14.71,14.87,14.6,14.69,14.69,4702200
2009-07-16,14.66,14.86,14.55,14.8,14.8,2771600
2009-07-17,14.87,14.87,14.62,14.72,14.72,2036400
2009-07-20,14.83,15.03,14.68,15.01,15.01,3263600
2009-07-21,15.02,15.2,14.84,15.19,15.19,4022600
2009-07-22,15.12,15.32,15.01,15.1,15.1,2884400
2009-07-23,15.06,15.62,15.02,15.37,15.37,4010400
2009-07-24,15.37,15.53,15.1,15.31,15.31,2027400
2009-07-27,15.31,15.36,15.04,15.19,15.19,2466200
2009-07-28,15.07,15.47,15.07,15.26,15.26,2385000
2009-07-29,15.17,15.41,15.15,15.4,15.4,2388200
2009-07-30,15.37,15.76,15.29,15.49,15.49,2752200
2009-07-31,15.51,15.66,15.23,15.37,15.37,2695800
2009-08-03,15.53,15.62,15.02,15.43,15.43,3186000
2009-08-04,15.52,15.55,14.96,14.98,14.98,5024400
2009-08-05,15.13,15.22,14.79,14.94,14.94,4535600
2009-08-06,15.29,15.5,15.05,15.25,15.25,5853200
2009-08-07,15.38,15.6,15.27,15.58,15.58,3555800
2009-08-10,15.56,15.61,15.24,15.37,15.37,3243200
2009-08-11,15.27,15.42,15.12,15.34,15.34,2643200
2009-08-12,15.34,15.58,15.29,15.42,15.42,3064800
2009-08-13,15.36,15.38,15.04,15.32,15.32,3537000
2009-08-14,15.26,15.38,14.95,15.04,15.04,3226200
2009-08-17,14.86,14.92,14.67,14.68,14.68,3641400
2009-08-18,14.75,14.97,14.69,14.91,14.91,1939400
2009-08-19,14.81,15.14,14.81,15.04,15.04,1824000
2009-08-20,15.04,15.08,14.78,14.9,14.9,3405200
2009-08-21,15.11,15.4,14.84,15.35,15.35,3306800
2009-08-24,15.32,15.41,15.18,15.34,15.34,3613800
2009-08-25,15.45,16.07,15.39,15.97,15.97,10394600
2009-08-26,16.73,17.13,16.57,16.71,16.71,15186800
2009-08-27,16.89,16.99,16.71,16.92,16.92,5282000
2009-08-28,16.93,17.24,16.91,17.04,17.04,4172400
2009-08-31,16.95,17.04,16.62,16.65,16.65,4694600
2009-09-01,16.63,17.0,16.44,16.51,16.51,4023200
2009-09-02,16.55,16.59,16.36,16.45,16.45,2469800
2009-09-03,16.29,16.45,16.01,16.44,16.44,4896000
2009-09-04,16.41,16.46,16.23,16.39,16.39,3267800
2009-09-08,16.42,16.57,16.24,16.35,16.35,3495000
2009-09-09,16.43,16.53,16.29,16.39,16.39,3264000
2009-09-10,16.42,16.8,16.4,16.77,16.77,5142600
2009-09-11,16.71,16.76,16.22,16.35,16.35,3474000
2009-09-14,16.3,16.46,16.17,16.44,16.44,2084400
2009-09-15,16.43,16.56,16.18,16.25,16.25,2604600
2009-09-16,16.26,16.31,15.91,15.95,15.95,5529600
2009-09-17,16.1,16.1,15.84,16.02,16.02,5333400
2009-09-18,16.02,16.17,15.85,16.1,16.1,4749800
2009-09-21,16.33,17.02,16.28,16.91,16.91,8802600
2009-09-22,16.94,17.11,16.69,16.74,16.74,5018400
2009-09-23,16.8,16.82,16.42,16.44,16.44,5043200
2009-09-24,16.5,16.64,16.33,16.44,16.44,3565200
2009-09-25,16.32,16.34,15.93,16.0,16.0,6577400
2009-09-28,15.99,16.12,15.9,16.02,16.02,5888600
2009-09-29,16.07,16.18,15.94,16.06,16.06,5133200
2009-09-30,16.28,16.35,16.01,16.23,16.23,5314400
2009-10-01,16.14,16.37,16.03,16.12,16.12,4368000
2009-10-02,16.02,16.2,15.85,15.86,15.86,4276200
2009-10-05,15.84,16.15,15.78,16.12,16.12,3649200
2009-10-06,16.15,16.56,16.12,16.52,16.52,3981800
2009-10-07,16.62,16.73,16.19,16.33,16.33,3602400
2009-10-08,16.35,16.46,16.17,16.22,16.22,3807800
2009-10-09,16.13,16.36,16.05,16.35,16.35,3150200
2009-10-12,16.28,16.44,16.23,16.43,16.43,3885200
2009-10-13,16.4,16.63,16.39,16.6,16.6,4334600
2009-10-14,16.48,16.73,16.41,16.52,16.52,4785000
2009-10-15,16.42,16.48,16.21,16.25,16.25,3040800
2009-10-16,16.25,16.39,16.1,16.3,16.3,3111000
2009-10-19,16.31,16.5,16.15,16.46,16.46,2823600
2009-10-20,16.46,16.47,16.26,16.3,16.3,2769000
2009-10-21,16.22,16.32,15.76,15.76,15.76,3180800
2009-10-22,15.75,16.15,15.67,15.99,15.99,5939000
2009-10-23,15.96,16.04,15.78,15.85,15.85,3313200
2009-10-26,15.76,15.9,15.59,15.68,15.68,3975000
2009-10-27,15.73,15.73,15.19,15.31,15.31,3579200
2009-10-28,15.34,15.54,15.16,15.23,15.23,4494600
2009-10-29,15.32,15.41,15.14,15.25,15.25,3335600
2009-10-30,15.24,15.31,14.9,15.04,15.04,5669600
2009-11-02,15.27,15.94,15.25,15.9,15.9,8777000
2009-11-03,15.73,15.95,15.57,15.67,15.67,3744600
2009-11-04,15.72,15.85,15.38,15.76,15.76,3865400
2009-11-05,16.07,16.2,15.82,16.11,16.11,4542600
2009-11-06,16.09,16.26,15.84,16.26,16.26,5089200
2009-11-09,16.29,16.59,16.15,16.55,16.55,3525200
2009-11-10,16.56,16.59,16.23,16.43,16.43,2346000
2009-11-11,16.44,16.53,16.27,16.44,16.44,3343200
2009-11-12,16.49,16.51,16.02,16.07,16.07,2616600
2009-11-13,16.06,16.42,16.01,16.36,16.36,4591200
2009-11-16,15.94,16.5,15.85,16.43,16.43,5353400
2009-11-17,16.35,16.46,16.24,16.39,16.39,3027800
2009-11-18,16.38,16.51,16.37,16.45,16.45,2136800
2009-11-19,16.37,16.41,16.1,16.25,16.25,2872200
2009-11-20,16.26,16.33,16.17,16.31,16.31,2264600
2009-11-23,16.44,16.56,16.24,16.37,16.37,4725800
2009-11-24,17.0,17.4,16.84,17.11,17.11,10887000
2009-11-25,17.06,17.13,16.84,17.02,17.02,4269200
2009-11-27,16.79,17.16,16.7,16.86,16.86,1505400
2009-11-30,16.79,16.88,16.27,16.32,16.32,5903000
2009-12-01,16.34,16.45,16.18,16.23,16.23,5660600
2009-12-02,16.23,16.36,16.21,16.26,16.26,3742800
2009-12-03,16.37,16.37,15.63,15.69,15.69,8246400
2009-12-04,15.73,16.06,15.55,15.6,15.6,7118000
2009-12-07,15.6,15.78,15.53,15.74,15.74,4384800
2009-12-08,15.73,16.07,15.61,15.99,15.99,5899400
2009-12-09,16.03,16.08,15.85,16.01,16.01,6268200
2009-12-10,16.0,16.14,15.92,16.04,16.04,2385600
2009-12-11,16.11,16.32,16.06,16.3,16.3,2657400
2009-12-14,16.26,16.34,15.99,16.13,16.13,3004800
2009-12-15,16.06,16.21,15.99,16.14,16.14,2347400
2009-12-16,16.18,16.31,16.0,16.07,16.07,3155600
2009-12-17,15.98,16.14,15.88,16.07,16.07,2568600
2009-12-18,16.18,16.33,16.04,16.3,16.3,4479800
2009-12-21,16.3,16.58,16.25,16.27,16.27,2027400
2009-12-22,16.31,16.33,16.13,16.26,16.26,2565200
2009-12-23,16.3,16.45,16.26,16.34,16.34,2364000
2009-12-24,16.3,16.4,16.23,16.34,16.34,271200
2009-12-28,16.33,16.4,16.23,16.3,16.3,1214000
2009-12-29,16.27,16.33,16.2,16.23,16.23,1976000
2009-12-30,16.25,16.33,16.12,16.23,16.23,2402000
2009-12-31,16.19,16.32,16.1,16.1,16.1,1182200
2010-01-04,16.18,16.34,16.0,16.06,16.06,3059400
2010-01-05,16.01,16.05,15.66,15.85,15.85,3456600
2010-01-06,16.25,16.82,16.23,16.78,16.78,6359400
2010-01-07,16.68,16.81,16.4,16.67,16.67,2620400
2010-01-08,16.54,16.66,16.4,16.44,16.44,1763000
2010-01-11,16.5,16.5,16.27,16.35,16.35,2376600
2010-01-12,16.31,16.67,16.23,16.55,16.55,3091400
2010-01-13,16.61,16.62,16.35,16.47,16.47,1925000
2010-01-14,16.45,16.56,16.36,16.42,16.42,1462400
2010-01-15,16.44,16.61,16.34,16.46,16.46,1988600
2010-01-19,16.48,16.67,16.44,16.55,16.55,2977200
2010-01-20,16.48,16.52,16.36,16.45,16.45,1824200
2010-01-21,16.45,16.63,16.41,16.44,16.44,2460600
2010-01-22,16.4,16.45,16.03,16.07,16.07,3027200
2010-01-25,16.11,16.35,16.0,16.27,16.27,3674600
2010-01-26,16.08,16.48,16.0,16.36,16.36,2154000
2010-01-27,16.28,16.46,16.22,16.3,16.3,2147000
2010-01-28,16.38,16.46,16.17,16.37,16.37,5988600
2010-01-29,16.41,16.63,16.33,16.51,16.51,4549800
2010-02-01,16.63,16.66,16.47,16.66,16.66,3435200
2010-02-02,16.71,17.02,16.68,16.97,16.97,4244000
2010-02-03,16.9,17.24,16.83,17.06,17.06,5797400
2010-02-04,16.66,16.7,16.33,16.36,16.36,10197600
2010-02-05,16.23,16.24,16.02,16.06,16.06,8872800
2010-02-08,16.04,16.08,15.67,15.71,15.71,8184600
2010-02-09,15.79,16.03,15.72,15.99,15.99,3749400
2010-02-10,15.88,16.09,15.78,15.93,15.93,3032400
2010-02-11,15.88,15.92,15.74,15.9,15.9,2658000
2010-02-12,15.87,16.13,15.79,16.12,16.12,3553800
2010-02-16,16.37,16.66,16.29,16.44,16.44,5277000
2010-02-17,16.44,16.73,16.42,16.7,16.7,2220000
2010-02-18,16.63,16.68,16.53,16.63,16.63,1643600
2010-02-19,16.57,16.8,16.51,16.67,16.67,2938400
2010-02-22,16.71,16.81,16.5,16.51,16.51,3861600
2010-02-23,16.56,16.66,16.38,16.56,16.56,4638800
2010-02-24,17.3,18.75,17.29,18.59,18.59,20157200
2010-02-25,18.53,18.82,18.51,18.69,18.69,8453600
2010-02-26,18.78,18.8,18.52,18.58,18.58,4259000
2010-03-01,18.7,18.74,18.38,18.43,18.43,3934400
2010-03-02,18.39,18.7,18.32,18.68,18.68,4341600
2010-03-03,18.62,18.71,18.48,18.54,18.54,3189800
2010-03-04,18.58,18.98,18.5,18.73,18.73,3466200
2010-03-05,18.81,19.0,18.67,18.92,18.92,2507600
2010-03-08,18.87,19.02,18.78,18.95,18.95,2528400
2010-03-09,18.88,18.99,18.57,18.68,18.68,4183400
2010-03-10,18.65,18.81,18.59,18.72,18.72,1890000
2010-03-11,18.74,18.77,18.53,18.68,18.68,1749000
2010-03-12,18.65,18.81,18.4,18.77,18.77,1775600
2010-03-15,18.67,19.03,18.48,18.99,18.99,2940800
2010-03-16,19.1,19.31,18.84,18.91,18.91,3804000
2010-03-17,19.0,19.08,18.77,18.83,18.83,3172400
2010-03-18,18.79,18.94,18.7,18.92,18.92,1911200
2010-03-19,18.96,18.97,18.77,18.81,18.81,2369600
2010-03-22,18.85,20.02,18.85,19.83,19.83,8372000
2010-03-23,19.91,20.09,19.6,19.93,19.93,4240200
2010-03-24,19.96,20.01,19.65,19.8,19.8,3737400
2010-03-25,19.9,19.99,19.54,19.71,19.71,3989400
2010-03-26,19.74,19.99,19.71,19.9,19.9,2753600
2010-03-29,19.88,20.07,19.75,19.88,19.88,1912400
2010-03-30,19.94,20.05,19.68,19.86,19.86,2075600
2010-03-31,19.9,19.97,19.67,19.74,19.74,2903400
2010-04-01,19.78,20.04,19.78,19.93,19.93,2070000
2010-04-05,19.93,20.06,19.73,19.83,19.83,2362200
2010-04-06,19.6,19.87,19.5,19.83,19.83,2949600
2010-04-07,19.93,20.27,19.78,19.86,19.86,4561400
2010-04-08,19.82,19.92,19.52,19.81,19.81,2633600
2010-04-09,19.75,19.81,19.58,19.8,19.8,2525000
2010-04-12,19.75,19.85,19.63,19.79,19.79,2213400
2010-04-13,19.74,19.86,19.63,19.85,19.85,2442600
2010-04-14,19.97,20.06,19.85,19.94,19.94,3070400
2010-04-15,19.89,20.0,19.74,19.87,19.87,2495000
2010-04-16,19.58,19.97,19.42,19.96,19.96,3557600
2010-04-19,19.98,20.03,19.56,19.73,19.73,2966400
2010-04-20,19.78,19.93,19.74,19.88,19.88,2377800
2010-04-21,19.94,20.19,19.89,20.15,20.15,2709800
2010-04-22,20.08,20.52,20.04,20.46,20.46,3690000
2010-04-23,20.47,20.9,20.47,20.88,20.88,4033400
2010-04-26,20.76,20.8,20.49,20.59,20.59,3082800
2010-04-27,20.5,20.71,20.36,20.41,20.41,2332800
2010-04-28,20.5,20.68,20.23,20.28,20.28,3232800
2010-04-29,20.35,20.87,20.28,20.75,20.75,2767400
2010-04-30,20.82,20.82,20.07,20.24,20.24,4746600
2010-05-03,20.37,20.6,20.23,20.41,20.41,3399000
2010-05-04,20.24,20.5,19.9,20.44,20.44,2858000
2010-05-05,20.2,20.71,20.2,20.38,20.38,2645000
2010-05-06,20.25,20.3,19.35,19.97,19.97,5876000
2010-05-07,19.91,20.03,19.2,19.58,19.58,4477200
2010-05-10,20.32,20.36,19.87,20.12,20.12,3713600
2010-05-11,19.86,20.36,19.86,20.27,20.27,2660400
2010-05-12,20.24,20.53,20.19,20.47,20.47,3449000
2010-05-13,20.07,20.38,19.92,20.01,20.01,5530400
2010-05-14,19.91,20.21,19.73,19.97,19.97,4894800
2010-05-17,20.03,20.17,19.63,19.93,19.93,5304600
2010-05-18,20.1,20.24,19.58,19.8,19.8,4367600
2010-05-19,19.82,20.17,19.73,19.89,19.89,4726800
2010-05-20,20.51,20.98,20.03,20.56,20.56,11490000
2010-05-21,20.26,20.67,20.07,20.35,20.35,8198600
2010-05-24,20.41,21.22,20.36,20.88,20.88,6744600
2010-05-25,20.58,21.19,20.42,21.15,21.15,6286400
2010-05-26,21.17,21.27,20.63,20.68,20.68,4251800
2010-05-27,21.19,21.2,20.72,20.84,20.84,4408400
2010-05-28,20.85,21.0,20.59,20.86,20.86,4335600
2010-06-01,20.86,20.93,20.56,20.56,20.56,4213400
2010-06-02,20.59,20.71,20.35,20.68,20.68,3473600
2010-06-03,20.73,20.86,20.57,20.82,20.82,5640800
2010-06-04,20.64,20.69,20.22,20.31,20.31,4012800
2010-06-07,20.4,20.41,20.0,20.11,20.11,4490400
2010-06-08,20.18,20.42,19.93,20.31,20.31,3210800
2010-06-09,20.31,20.77,20.31,20.47,20.47,3475400
2010-06-10,20.64,20.92,20.62,20.87,20.87,3228600
2010-06-11,20.83,21.05,20.71,21.02,21.02,2955200
2010-06-14,21.16,21.2,20.87,20.92,20.92,3407400
2010-06-15,21.08,21.49,20.97,21.33,21.33,3456800
2010-06-16,21.22,21.48,21.1,21.18,21.18,3159600
2010-06-17,21.17,21.4,21.0,21.19,21.19,2983800
2010-06-18,21.29,21.44,20.98,21.01,21.01,4404600
2010-06-21,21.1,21.29,20.87,21.02,21.02,4335000
2010-06-22,20.97,21.18,20.63,20.68,20.68,3622200
2010-06-23,20.7,21.0,20.66,20.89,20.89,2760000
2010-06-24,20.85,21.06,20.45,20.9,20.9,4795800
2010-06-25,21.0,21.23,20.75,21.0,21.0,4677800
2010-06-28,21.0,21.12,20.83,20.93,20.93,3876800
2010-06-29,20.72,20.96,20.58,20.87,20.87,4800400
2010-06-30,20.9,21.15,20.8,20.82,20.82,4816200
2010-07-01,20.86,21.21,20.56,21.17,21.17,4318000
2010-07-02,21.24,21.65,21.15,21.54,21.54,4797200
2010-07-06,21.86,22.07,21.33,21.47,21.47,5910600
2010-07-07,21.15,21.28,20.67,20.81,20.81,9190000
2010-07-08,20.97,21.15,20.45,20.92,20.92,4319000
2010-07-09,20.93,21.03,20.6,20.7,20.7,2770200
2010-07-12,20.65,20.84,20.5,20.68,20.68,2058400
2010-07-13,20.83,21.0,20.73,20.82,20.82,2365600
2010-07-14,20.8,21.11,20.73,21.03,21.03,2148600
2010-07-15,20.98,21.38,20.85,21.29,21.29,2786800
2010-07-16,21.29,21.42,21.15,21.2,21.2,3179800
2010-07-19,21.19,21.19,20.74,20.78,20.78,4047400
2010-07-20,20.65,21.2,20.48,21.17,21.17,3727000
2010-07-21,21.22,21.31,20.94,20.98,20.98,3018400
2010-07-22,21.08,21.45,20.97,21.41,21.41,2200000
2010-07-23,21.43,21.75,21.31,21.72,21.72,2127600
2010-07-26,21.73,22.09,21.62,22.09,22.09,2079200
2010-07-27,22.25,22.56,21.91,22.0,22.0,3558800
2010-07-28,22.06,22.25,21.86,21.97,21.97,2491800
2010-07-29,21.97,22.09,21.55,21.72,21.72,3417400
2010-07-30,21.45,22.21,21.35,22.16,22.16,3675600
2010-08-02,22.39,22.75,22.05,22.11,22.11,4024000
2010-08-03,22.11,22.11,21.62,21.65,21.65,3605600
2010-08-04,21.83,21.91,21.52,21.6,21.6,3218800
2010-08-05,21.52,21.64,21.34,21.38,21.38,2390800
2010-08-06,21.25,21.31,20.8,21.01,21.01,5246000
2010-08-09,21.07,21.61,21.07,21.5,21.5,2621000
2010-08-10,21.31,21.42,21.19,21.3,21.3,2650400
2010-08-11,21.14,21.34,21.03,21.12,21.12,2334600
2010-08-12,20.78,21.36,20.64,21.26,21.26,2224600
2010-08-13,21.18,21.33,21.1,21.16,21.16,1717400
2010-08-16,21.06,21.19,20.81,21.01,21.01,2445600
2010-08-17,20.55,20.76,20.3,20.52,20.52,5762600
2010-08-18,20.56,20.98,20.33,20.91,20.91,4131400
2010-08-19,21.23,22.26,21.11,21.93,21.93,8528000
2010-08-20,21.92,22.34,21.75,22.31,22.31,3754800
2010-08-23,22.52,22.59,22.05,22.07,22.07,3195800
2010-08-24,21.9,23.0,21.75,22.17,22.17,6169000
2010-08-25,22.05,22.5,21.89,22.41,22.41,3879400
2010-08-26,22.41,22.71,22.3,22.39,22.39,3536000
2010-08-27,22.6,22.93,22.28,22.9,22.9,3481800
2010-08-30,22.81,22.94,22.54,22.58,22.58,3524000
2010-08-31,22.41,22.84,22.35,22.64,22.64,3357400
2010-09-01,22.98,23.25,22.81,22.98,22.98,2601200
2010-09-02,23.01,23.58,23.01,23.45,23.45,2622600
2010-09-03,23.59,23.75,22.89,23.01,23.01,4144600
2010-09-07,23.02,23.3,22.83,23.17,23.17,2358000
2010-09-08,23.25,23.61,23.17,23.4,23.4,2317000
2010-09-09,23.5,23.67,22.83,23.01,23.01,3334200
2010-09-10,23.1,23.38,23.09,23.27,23.27,1220600
2010-09-13,23.41,23.56,23.25,23.44,23.44,2966200
2010-09-14,23.65,23.83,23.45,23.68,23.68,2341800
2010-09-15,23.54,24.11,23.54,24.03,24.03,3244400
2010-09-16,24.08,24.09,23.86,24.08,24.08,1649200
2010-09-17,24.07,24.23,23.98,24.19,24.19,3145200
2010-09-20,24.31,24.32,24.07,24.23,24.23,1970800
2010-09-21,24.18,24.24,23.87,24.07,24.07,2208600
2010-09-22,23.98,24.16,23.78,24.13,24.13,1877600
2010-09-23,24.01,24.14,23.74,23.76,23.76,2114400
2010-09-24,23.99,24.06,23.67,23.68,23.68,2931200
2010-09-27,23.8,24.45,23.75,24.4,24.4,3351800
2010-09-28,24.49,24.64,24.11,24.58,24.58,2632400
2010-09-29,24.77,25.05,24.64,24.69,24.69,3323400
2010-09-30,24.85,24.92,24.3,24.38,24.38,3044400
2010-10-01,24.58,24.67,24.15,24.24,24.24,2145000
2010-10-04,24.22,24.33,23.98,24.11,24.11,1668800
2010-10-05,24.26,24.68,24.23,24.53,24.53,1580400
2010-10-06,24.56,24.65,24.49,24.62,24.62,1567400
2010-10-07,25.0,25.0,24.5,24.84,24.84,1938800
2010-10-08,24.9,25.08,24.54,24.55,24.55,5054400
2010-10-11,24.41,25.08,24.25,24.99,24.99,2180600
2010-10-12,24.91,25.33,24.76,25.23,25.23,2152800
2010-10-13,25.34,25.48,25.09,25.3,25.3,3055600
2010-10-14,25.35,25.48,24.61,24.82,24.82,2997600
2010-10-15,25.05,25.15,24.76,25.04,25.04,2294400
2010-10-18,25.11,25.17,24.88,25.11,25.11,1976000
2010-10-19,25.09,25.67,24.94,25.08,25.08,4469200
2010-10-20,25.17,25.6,25.01,25.58,25.58,3770400
2010-10-21,25.72,25.92,25.52,25.7,25.7,2992000
2010-10-22,25.71,26.07,25.64,25.86,25.86,1946600
2010-10-25,25.99,26.19,25.78,25.82,25.82,1936000
2010-10-26,25.85,26.31,25.62,25.74,25.74,3488400
2010-10-27,25.67,25.74,25.45,25.6,25.6,2219800
2010-10-28,25.75,25.95,25.48,25.65,25.65,2249200
2010-10-29,25.67,25.78,25.46,25.66,25.66,1725200
2010-11-01,25.75,25.93,25.52,25.75,25.75,2095400
2010-11-02,25.88,26.32,25.81,26.17,26.17,1913800
2010-11-03,26.3,26.4,26.0,26.31,26.31,1554400
2010-11-04,26.5,26.5,25.98,26.09,26.09,2699200
2010-11-05,26.22,26.6,26.19,26.49,26.49,1610800
2010-11-08,26.31,26.41,26.05,26.34,26.34,1799400
2010-11-09,26.42,26.5,26.23,26.39,26.39,1378000
2010-11-10,26.28,26.83,26.15,26.83,26.83,1828600
2010-11-11,26.69,27.34,26.61,27.17,27.17,2661600
2010-11-12,26.88,26.95,26.53,26.77,26.77,2445600
2010-11-15,26.68,26.97,26.5,26.77,26.77,1988800
2010-11-16,26.65,26.92,26.5,26.68,26.68,1974000
2010-11-17,26.75,27.4,26.67,27.35,27.35,3279400
2010-11-18,28.19,29.0,26.84,26.91,26.91,9170200
2010-11-19,26.98,27.07,26.53,26.7,26.7,4015600
2010-11-22,26.83,27.5,26.71,27.41,27.41,3319600
2010-11-23,27.22,27.49,27.02,27.43,27.43,3683000
2010-11-24,27.92,28.12,27.52,28.05,28.05,2469600
2010-11-26,28.04,28.47,28.0,28.35,28.35,1326200
2010-11-29,28.25,28.25,27.47,27.59,27.59,4258400
2010-11-30,27.48,27.74,27.39,27.48,27.48,3697400
2010-12-01,27.74,28.06,27.51,27.96,27.96,1801400
2010-12-02,27.87,28.11,27.7,28.05,28.05,1983000
2010-12-03,27.92,28.33,27.67,28.27,28.27,2052600
2010-12-06,28.19,28.22,27.32,27.52,27.52,3553600
2010-12-07,27.88,28.67,27.83,28.28,28.28,4197400
2010-12-08,28.38,28.52,28.08,28.47,28.47,2135200
2010-12-09,28.47,28.59,27.7,27.84,27.84,2637800
2010-12-10,27.95,28.37,27.56,28.33,28.33,2199400
2010-12-13,28.44,28.5,27.84,27.92,27.92,2935600
2010-12-14,27.92,28.14,27.6,27.94,27.94,2065800
2010-12-15,27.95,28.17,27.89,27.94,27.94,1817800
2010-12-16,27.99,28.65,27.96,28.6,28.6,2205200
2010-12-17,28.62,28.72,28.13,28.68,28.68,6868000
2010-12-20,28.62,28.62,28.15,28.3,28.3,2554200
2010-12-21,28.45,28.53,27.8,28.12,28.12,2218600
2010-12-22,28.12,28.31,28.0,28.15,28.15,1104800
2010-12-23,28.22,28.5,28.2,28.39,28.39,1023200
2010-12-27,28.42,28.67,28.06,28.48,28.48,1151600
2010-12-28,28.45,28.54,28.1,28.1,28.1,1498000
2010-12-29,28.23,28.33,28.1,28.3,28.3,1405800
2010-12-30,28.19,28.44,28.09,28.19,28.19,1261400
2010-12-31,28.26,28.4,28.0,28.04,28.04,1421800
2011-01-03,28.33,28.5,27.97,28.27,28.27,1618800
2011-01-04,28.25,28.36,27.21,27.37,27.37,4680000
2011-01-05,26.49,26.58,25.51,26.04,26.04,7987200
2011-01-06,25.91,26.25,25.53,25.67,25.67,5325000
2011-01-07,25.62,26.04,25.56,25.91,25.91,3359400
2011-01-10,25.77,26.33,25.69,26.23,26.23,3957400
2011-01-11,26.35,26.39,25.97,26.01,26.01,3341000
2011-01-12,26.02,26.05,25.36,25.44,25.44,3572600
2011-01-13,25.3,25.48,25.09,25.33,25.33,3562600
2011-01-14,25.24,25.44,25.08,25.19,25.19,2896400
2011-01-18,25.25,25.82,25.05,25.17,25.17,4161800
2011-01-19,25.84,26.0,25.47,25.93,25.93,10187800
2011-01-20,25.8,26.19,25.77,25.86,25.86,3876200
2011-01-21,25.91,25.98,25.69,25.97,25.97,2966000
2011-01-24,25.89,26.22,25.75,26.17,26.17,3534800
2011-01-25,25.88,26.14,25.82,26.07,26.07,2888000
2011-01-26,26.05,26.38,25.73,25.88,25.88,3704800
2011-01-27,25.89,26.04,25.78,26.0,26.0,1842400
2011-01-28,26.06,26.06,25.27,25.5,25.5,2980200
2011-01-31,25.47,25.67,25.16,25.29,25.29,2159600
2011-02-01,25.47,25.66,25.22,25.59,25.59,2742400
2011-02-02,25.0,25.11,24.6,24.74,24.74,4813600
2011-02-03,24.79,25.17,24.45,24.63,24.63,4192200
2011-02-04,24.69,25.1,24.56,24.85,24.85,2453000
2011-02-07,24.85,24.99,24.65,24.87,24.87,2886200
2011-02-08,24.85,25.02,24.64,24.82,24.82,3539200
2011-02-09,24.82,24.99,24.71,24.83,24.83,1973200
2011-02-10,24.76,24.89,24.59,24.79,24.79,3280200
2011-02-11,24.76,25.28,24.64,25.25,25.25,1801800
2011-02-14,25.17,25.3,25.02,25.23,25.23,1862600
2011-02-15,25.66,25.95,25.42,25.47,25.47,3870000
2011-02-16,27.33,27.9,26.15,26.23,26.23,7852400
2011-02-17,26.24,26.5,25.91,26.17,26.17,2758600
2011-02-18,26.17,26.38,25.78,26.36,26.36,2299400
2011-02-22,26.21,26.59,25.93,26.08,26.08,4300200
2011-02-23,25.36,26.25,24.25,24.29,24.29,9989600
2011-02-24,24.95,25.42,24.91,25.33,25.33,7264600
2011-02-25,25.39,25.52,24.98,25.24,25.24,3555800
2011-02-28,25.21,25.39,24.99,25.16,25.16,3853600
2011-03-01,25.19,25.5,25.0,25.06,25.06,3225800
2011-03-02,25.08,25.48,25.02,25.26,25.26,2834400
2011-03-03,25.48,25.85,25.44,25.66,25.66,3018800
2011-03-04,26.21,26.47,25.77,25.99,25.99,3720200
2011-03-07,26.1,26.14,25.2,25.35,25.35,2843600
2011-03-08,25.38,26.0,25.33,25.9,25.9,2331400
2011-03-09,25.83,26.03,25.5,25.98,25.98,1741800
2011-03-10,25.79,26.44,25.72,26.18,26.18,2443200
2011-03-11,26.27,26.82,26.23,26.72,26.72,2876600
2011-03-14,26.77,27.42,26.75,27.01,27.01,3741200
2011-03-15,26.53,26.9,26.42,26.69,26.69,2255600
2011-03-16,26.51,26.98,26.33,26.83,26.83,3018400
2011-03-17,27.1,27.1,26.5,26.67,26.67,2718000
2011-03-18,26.85,27.04,26.75,27.02,27.02,3356600
2011-03-21,27.17,27.2,26.74,26.8,26.8,1967200
2011-03-22,26.92,27.02,26.72,26.82,26.82,2191400
2011-03-23,26.78,27.18,26.58,27.08,27.08,1615800
2011-03-24,27.25,27.67,27.07,27.64,27.64,2181200
2011-03-25,27.67,27.9,27.53,27.66,27.66,1997000
2011-03-28,27.65,27.76,27.43,27.5,27.5,1534000
2011-03-29,27.52,27.76,27.45,27.58,27.58,1756000
2011-03-30,27.72,28.12,27.7,28.1,28.1,1710400
2011-03-31,28.1,28.12,27.45,27.76,27.76,2537600
2011-04-01,27.92,28.6,27.9,28.36,28.36,2882200
2011-04-04,28.34,28.4,27.92,28.17,28.17,1194400
2011-04-05,28.19,28.65,28.08,28.34,28.34,1598400
2011-04-06,28.41,28.68,28.36,28.39,28.39,2113800
2011-04-07,28.37,28.9,28.35,28.45,28.45,1510000
2011-04-08,28.47,28.63,27.64,27.84,27.84,1795400
2011-04-11,27.98,28.17,27.8,28.03,28.03,1341000
2011-04-12,27.85,28.25,27.6,27.98,27.98,3343600
2011-04-13,28.03,28.27,27.66,28.25,28.25,2420800
2011-04-14,28.03,28.39,27.93,28.19,28.19,2080400
2011-04-15,28.27,28.45,28.05,28.45,28.45,1560000
2011-04-18,28.18,28.48,28.07,28.42,28.42,1929200
2011-04-19,28.41,28.51,28.09,28.17,28.17,1983800
2011-04-20,28.44,28.9,28.44,28.87,28.87,1495600
2011-04-21,28.72,28.86,28.51,28.58,28.58,1293200
2011-04-25,28.65,28.67,28.42,28.47,28.47,1425800
2011-04-26,28.59,28.7,28.43,28.54,28.54,1474000
2011-04-27,28.68,29.14,28.51,29.06,29.06,1587000
2011-04-28,29.13,29.25,28.69,28.71,28.71,1945800
2011-04-29,28.68,28.98,28.64,28.75,28.75,3364600
2011-05-02,28.86,29.1,28.82,29.01,29.01,1663800
2011-05-03,29.01,29.4,28.98,29.37,29.37,1785400
2011-05-04,29.26,29.47,28.88,29.05,29.05,1601800
2011-05-05,28.95,29.42,28.9,29.08,29.08,1799600
2011-05-06,29.33,29.49,29.03,29.03,29.03,1130200
2011-05-09,29.12,29.56,29.08,29.5,29.5,1216200
2011-05-10,29.55,30.08,29.51,30.0,30.0,1388600
2011-05-11,29.92,30.15,29.48,29.88,29.88,1457600
2011-05-12,29.95,30.79,29.93,30.76,30.76,3000000
2011-05-13,30.9,30.9,30.22,30.51,30.51,1665000
2011-05-16,30.48,30.48,30.09,30.14,30.14,1594400
2011-05-17,30.03,30.28,29.91,30.15,30.15,1418000
2011-05-18,30.06,30.72,29.95,30.67,30.67,2437400
2011-05-19,31.86,32.24,31.54,31.56,31.56,6757600
2011-05-20,31.68,31.89,31.0,31.26,31.26,3280000
2011-05-23,30.99,31.36,30.92,31.08,31.08,1880400
2011-05-24,31.13,31.24,30.75,31.0,31.0,1647000
2011-05-25,30.92,31.06,30.24,30.86,30.86,2474200
2011-05-26,30.75,31.58,30.7,31.48,31.48,1827000
2011-05-27,31.45,31.72,31.4,31.61,31.61,1600200
2011-05-31,31.81,31.88,31.48,31.87,31.87,1964400
2011-06-01,31.67,31.73,31.15,31.33,31.33,3536200
2011-06-02,31.27,31.47,30.82,31.0,31.0,3162400
2011-06-03,30.77,31.11,30.51,30.82,30.82,3806000
2011-06-06,30.71,30.86,30.51,30.75,30.75,2139800
2011-06-07,30.77,31.65,30.75,31.34,31.34,2680600
2011-06-08,31.25,31.25,30.83,31.03,31.03,2421400
2011-06-09,31.01,31.45,30.84,31.2,31.2,2133400
2011-06-10,31.15,31.21,30.85,30.88,30.88,1462400
2011-06-13,31.03,31.34,30.88,31.18,31.18,2018000
2011-06-14,31.39,31.6,31.25,31.57,31.57,2233000
2011-06-15,31.25,31.49,31.18,31.36,31.36,2445600
2011-06-16,31.4,31.43,31.0,31.36,31.36,2559400
2011-06-17,31.65,31.78,31.31,31.33,31.33,3088800
2011-06-20,31.28,32.12,31.08,32.08,32.08,2325200
2011-06-21,32.14,32.79,32.05,32.74,32.74,2739200
2011-06-22,32.75,32.87,32.44,32.65,32.65,2350400
2011-06-23,32.4,33.0,32.4,32.97,32.97,1862000
2011-06-24,32.99,32.99,32.62,32.63,32.63,2294600
2011-06-27,32.76,33.15,32.49,33.04,33.04,2407400
2011-06-28,33.12,33.54,33.08,33.49,33.49,1948800
2011-06-29,33.42,33.85,32.94,33.58,33.58,3106600
2011-06-30,33.78,33.99,33.22,33.31,33.31,3052200
2011-07-01,33.51,34.25,33.37,34.12,34.12,1899000
2011-07-05,34.33,34.72,34.05,34.61,34.61,2541000
2011-07-06,34.65,34.93,34.47,34.78,34.78,1628400
2011-07-07,35.0,35.27,34.83,35.1,35.1,2591400
2011-07-08,34.9,35.16,34.7,34.94,34.94,1757000
2011-07-11,34.73,34.99,34.6,34.81,34.81,2021400
2011-07-12,34.65,34.99,34.5,34.6,34.6,2679200
2011-07-13,34.44,34.74,34.26,34.59,34.59,3350400
2011-07-14,34.76,34.99,34.28,34.46,34.46,2838400
2011-07-15,34.51,34.86,34.1,34.42,34.42,1638200
2011-07-18,33.99,34.07,33.7,33.78,33.78,2338800
2011-07-19,34.06,34.49,33.96,34.47,34.47,1593000
2011-07-20,34.15,34.38,33.9,34.26,34.26,1977800
2011-07-21,34.35,34.83,34.29,34.35,34.35,1084000
2011-07-22,34.72,34.72,34.3,34.38,34.38,1267800
2011-07-25,34.13,34.28,33.69,33.73,33.73,1548200
2011-07-26,33.71,33.95,33.38,33.59,33.59,1841400
2011-07-27,33.9,33.9,33.35,33.46,33.46,1802200
2011-07-28,33.41,33.57,33.13,33.26,33.26,2536800
2011-07-29,33.13,33.26,32.28,33.12,33.12,2454400
2011-08-01,33.38,33.49,32.69,33.31,33.31,1695800
2011-08-02,32.97,33.31,32.4,32.44,32.44,2152400
2011-08-03,32.44,33.13,31.92,33.08,33.08,3342800
2011-08-04,32.58,32.97,31.76,31.76,31.76,2915800
2011-08-05,32.06,32.24,31.09,31.41,31.41,4596800
2011-08-08,30.48,31.26,30.0,30.48,30.48,4435400
2011-08-09,30.89,32.37,30.42,32.35,32.35,5076200
2011-08-10,31.75,32.53,31.41,31.65,31.65,4364600
2011-08-11,31.78,33.07,31.7,32.71,32.71,3636400
2011-08-12,33.01,33.42,32.49,33.38,33.38,3997800
2011-08-15,33.56,33.98,33.38,33.97,33.97,2132400
2011-08-16,33.78,34.92,33.65,34.75,34.75,5567800
2011-08-17,34.9,35.11,33.02,33.24,33.24,5065600
2011-08-18,31.27,33.12,30.56,32.77,32.77,6694200
2011-08-19,32.51,33.02,32.06,32.44,32.44,3629800
2011-08-22,33.15,33.24,32.0,32.48,32.48,3708000
2011-08-23,32.69,33.26,32.47,33.26,33.26,4335000
2011-08-24,33.13,34.18,33.02,34.1,34.1,3346600
2011-08-25,34.29,34.69,33.74,33.81,33.81,3860000
2011-08-26,33.78,35.31,33.4,35.23,35.23,3883600
2011-08-29,35.36,37.01,35.33,36.91,36.91,5294200
2011-08-30,36.92,37.36,36.5,36.67,36.67,5023600
2011-08-31,36.94,37.12,35.65,35.72,35.72,5612400
2011-09-01,36.03,36.13,35.54,35.89,35.89,3803000
2011-09-02,35.28,35.9,35.14,35.6,35.6,2189000
2011-09-06,34.83,36.35,34.62,36.09,36.09,3535200
2011-09-07,36.49,36.49,35.92,35.99,35.99,3625200
2011-09-08,35.93,36.24,35.51,35.6,35.6,2712600
2011-09-09,35.33,35.62,34.95,35.15,35.15,3142800
2011-09-12,34.67,35.9,34.62,35.9,35.9,2657400
2011-09-13,35.94,36.2,35.65,36.0,36.0,1592200
2011-09-14,36.28,37.76,36.01,37.38,37.38,4890000
2011-09-15,37.5,38.1,37.39,37.63,37.63,3582800
2011-09-16,37.76,38.16,37.64,37.77,37.77,4381600
2011-09-19,37.52,38.31,37.22,38.15,38.15,3720600
2011-09-20,38.38,38.72,37.66,37.85,37.85,2597200
2011-09-21,38.04,38.88,37.9,38.0,38.0,2904600
2011-09-22,37.01,37.99,36.81,37.16,37.16,3493200
2011-09-23,37.08,37.97,36.88,37.96,37.96,2830800
2011-09-26,38.26,38.85,37.91,38.74,38.74,3126600
2011-09-27,39.31,39.67,37.62,37.85,37.85,3718400
2011-09-28,38.17,39.03,38.03,38.28,38.28,2830600
2011-09-29,38.6,38.78,36.67,37.64,37.64,3683400
2011-09-30,37.18,38.11,37.01,37.57,37.57,2842000
2011-10-03,37.28,38.01,36.61,36.84,36.84,3086600
2011-10-04,36.5,37.56,36.15,37.53,37.53,3058800
2011-10-05,37.76,38.49,37.27,38.29,38.29,2505600
2011-10-06,38.41,38.77,38.16,38.22,38.22,2375200
2011-10-07,38.44,39.62,38.44,38.84,38.84,3940400
2011-10-10,39.4,39.97,39.36,39.65,39.65,3007200
2011-10-11,39.87,40.49,39.77,40.13,40.13,2823600
2011-10-12,40.44,40.59,39.81,40.0,40.0,2704400
2011-10-13,39.92,40.38,39.61,39.65,39.65,3366600
2011-10-14,40.19,40.2,39.47,40.13,40.13,1657800
2011-10-17,39.67,40.48,39.63,39.95,39.95,2353400
2011-10-18,40.06,40.23,39.78,40.08,40.08,2450200
2011-10-19,40.08,40.68,40.03,40.23,40.23,2077000
2011-10-20,40.53,40.63,39.62,40.13,40.13,2812000
2011-10-21,40.58,40.58,39.75,40.03,40.03,3083600
2011-10-24,40.12,40.9,39.92,40.87,40.87,2208800
2011-10-25,40.73,41.24,40.45,40.54,40.54,2686200
2011-10-26,40.72,40.72,39.46,39.89,39.89,3082600
2011-10-27,40.25,40.69,39.31,39.83,39.83,3479800
2011-10-28,39.73,40.12,39.22,39.44,39.44,2356200
2011-10-31,39.33,40.47,39.31,39.98,39.98,2970800
2011-11-01,39.63,40.21,39.4,39.6,39.6,2313400
2011-11-02,40.08,40.17,39.22,39.33,39.33,2160200
2011-11-03,39.56,39.74,38.66,39.67,39.67,2341400
2011-11-04,39.06,39.79,39.06,39.6,39.6,1255400
2011-11-07,39.72,39.86,39.02,39.38,39.38,2217600
2011-11-08,39.5,40.05,38.95,39.95,39.95,2107000
2011-11-09,39.31,40.46,39.25,39.38,39.38,2994200
2011-11-10,39.5,39.76,38.78,38.94,38.94,2858400
2011-11-11,39.22,39.49,38.75,39.33,39.33,2497600
2011-11-14,39.32,39.64,39.3,39.49,39.49,2201400
2011-11-15,39.29,39.49,38.88,39.15,39.15,2954800
2011-11-16,39.21,39.21,37.99,38.03,38.03,3525800
2011-11-17,38.46,38.61,37.4,38.13,38.13,4626200
2011-11-18,38.26,38.33,37.5,37.98,37.98,3925600
2011-11-21,37.48,37.95,36.04,37.85,37.85,2690200
2011-11-22,37.88,39.0,37.76,38.54,38.54,3333800
2011-11-23,38.28,38.8,38.22,38.31,38.31,2211200
2011-11-25,38.08,38.52,37.92,38.31,38.31,1600200
2011-11-28,38.66,39.19,38.45,38.6,38.6,2432400
2011-11-29,38.62,39.92,38.47,39.86,39.86,2456800
2011-11-30,40.28,40.8,40.06,40.74,40.74,4640400
2011-12-01,40.56,41.57,40.44,41.03,41.03,3268400
2011-12-02,41.33,41.52,40.78,40.88,40.88,2052800
2011-12-05,41.81,41.99,41.47,41.74,41.74,2985000
2011-12-06,41.89,41.99,41.24,41.35,41.35,2923400
2011-12-07,41.19,41.49,40.72,41.08,41.08,2200400
2011-12-08,40.83,41.75,40.78,41.25,41.25,2657800
2011-12-09,41.42,41.72,41.08,41.28,41.28,3118800
2011-12-12,41.26,41.49,40.92,41.47,41.47,2712000
2011-12-13,41.74,41.74,40.57,40.74,40.74,3202200
2011-12-14,40.48,41.1,40.33,40.57,40.57,4187400
2011-12-15,40.9,41.35,40.74,41.03,41.03,3840600
2011-12-16,41.26,41.52,40.2,41.41,41.41,55721000
2011-12-19,41.55,41.59,40.58,40.67,40.67,4398800
2011-12-20,41.19,41.56,40.83,40.9,40.9,3475000
2011-12-21,40.92,41.52,40.69,41.39,41.39,4948200
2011-12-22,41.58,41.58,40.76,40.83,40.83,2817600
2011-12-23,41.0,41.65,40.96,41.63,41.63,2634400
2011-12-27,41.56,42.25,41.28,42.17,42.17,2933200
2011-12-28,42.25,42.26,41.82,41.95,41.95,2531800
2011-12-29,42.1,42.11,41.81,42.03,42.03,2001200
2011-12-30,42.1,42.18,41.54,41.56,41.56,1971600
2012-01-03,42.2,42.26,41.1,41.22,41.22,3062000
2012-01-04,41.15,41.72,41.1,41.3,41.3,2457600
2012-01-05,41.36,41.87,40.83,41.51,41.51,2039000
2012-01-06,41.24,41.62,40.92,41.28,41.28,2046800
2012-01-09,41.49,41.66,41.21,41.62,41.62,2170800
2012-01-10,41.85,41.94,41.22,41.35,41.35,2717800
2012-01-11,41.44,41.63,40.79,41.01,41.01,2878600
2012-01-12,41.15,41.62,41.01,41.49,41.49,2369400
2012-01-13,41.44,41.62,41.29,41.38,41.38,1706800
2012-01-17,41.62,42.02,41.47,41.98,41.98,1512000
2012-01-18,41.88,42.99,41.76,42.76,42.76,2820600
2012-01-19,42.83,43.25,42.49,42.92,42.92,2823000
2012-01-20,42.99,42.99,42.08,42.23,42.23,2916400
2012-01-23,42.4,43.23,42.31,42.9,42.9,1999800
2012-01-24,42.86,43.32,42.59,42.99,42.99,1725400
2012-01-25,42.9,42.94,42.26,42.67,42.67,2928600
2012-01-26,42.48,42.61,41.74,41.83,41.83,3033600
2012-01-27,41.79,42.49,41.78,42.32,42.32,3034000
2012-01-30,42.13,42.53,42.03,42.48,42.48,1512600
2012-01-31,42.51,42.75,42.12,42.4,42.4,2151000
2012-02-01,42.69,43.07,42.43,42.84,42.84,2097400
2012-02-02,42.94,43.22,42.81,43.01,43.01,2029000
2012-02-03,43.16,43.21,42.74,42.83,42.83,1913800
2012-02-06,42.74,43.01,42.51,42.92,42.92,1048800
2012-02-07,42.69,43.16,42.58,43.01,43.01,1132600
2012-02-08,42.94,43.06,42.51,42.64,42.64,1105400
2012-02-09,42.98,43.45,42.72,43.45,43.45,2283600
2012-02-10,43.12,43.42,43.0,43.42,43.42,1121000
2012-02-13,43.49,43.88,43.36,43.86,43.86,1386000
2012-02-14,43.63,44.25,43.63,44.25,44.25,1171000
2012-02-15,44.28,44.4,43.67,43.85,43.85,1989800
2012-02-16,43.96,44.24,43.53,43.88,43.88,1840400
2012-02-17,43.94,44.74,43.74,44.67,44.67,2520600
2012-02-21,44.96,44.99,43.97,44.01,44.01,3076800
2012-02-22,43.1,43.77,42.38,43.68,43.68,7601600
2012-02-23,43.78,44.25,43.71,44.03,44.03,2857000
2012-02-24,44.12,44.17,43.54,43.91,43.91,1267200
2012-02-27,43.78,44.33,43.5,44.2,44.2,1498200
2012-02-28,44.26,44.37,44.03,44.26,44.26,1574600
2012-02-29,44.22,44.46,43.95,44.26,44.26,2304600
2012-03-01,44.4,45.56,44.15,45.38,45.38,2638200
2012-03-02,45.33,45.46,45.01,45.31,45.31,1536800
2012-03-05,45.31,46.24,45.26,46.06,46.06,2533200
2012-03-06,45.9,46.19,45.51,45.71,45.71,1823600
2012-03-07,45.96,45.96,45.35,45.83,45.83,1519800
2012-03-08,46.11,46.38,45.69,46.28,46.28,1656400
2012-03-09,46.35,46.62,46.1,46.56,46.56,1749200
2012-03-12,46.63,46.94,46.56,46.67,46.67,1600000
2012-03-13,47.1,47.24,46.4,46.75,46.75,1874600
2012-03-14,46.75,47.08,46.6,47.08,47.08,1503400
2012-03-15,47.07,47.07,46.74,46.76,46.76,1877400
2012-03-16,46.87,47.02,46.42,46.64,46.64,2281400
2012-03-19,46.72,46.94,46.26,46.85,46.85,1316200
2012-03-20,46.53,47.1,46.53,47.1,47.1,1511800
2012-03-21,47.1,47.55,47.03,47.37,47.37,1500600
2012-03-22,47.2,47.78,47.17,47.52,47.52,1507400
2012-03-23,47.44,47.51,47.03,47.37,47.37,1253800
2012-03-26,47.53,48.1,47.4,47.91,47.91,1946400
2012-03-27,48.0,48.07,47.69,47.83,47.83,1480400
2012-03-28,47.72,47.87,46.96,47.3,47.3,1812600
2012-03-29,47.1,47.27,46.85,47.22,47.22,1402000
2012-03-30,47.47,47.56,47.1,47.24,47.24,2982400
2012-04-02,47.29,47.66,47.29,47.48,47.48,1720600
2012-04-03,47.45,48.13,47.42,47.88,47.88,2124200
2012-04-04,47.62,47.76,46.9,47.28,47.28,1887000
2012-04-05,47.06,48.32,47.06,48.08,48.08,1680000
2012-04-09,47.73,47.79,47.06,47.66,47.66,1498400
2012-04-10,47.49,47.79,46.52,46.69,46.69,1991600
2012-04-11,46.9,47.39,46.88,47.38,47.38,1634400
2012-04-12,47.43,48.19,47.28,47.96,47.96,1716200
2012-04-13,47.74,48.35,47.71,48.01,48.01,1957000
2012-04-16,48.12,48.53,47.63,48.28,48.28,1735600
2012-04-17,48.49,49.24,48.29,49.1,49.1,2256400
2012-04-18,49.06,49.42,48.81,49.27,49.27,1392800
2012-04-19,49.19,49.47,48.85,49.21,49.21,1357200
2012-04-20,49.25,49.84,49.03,49.78,49.78,1476000
2012-04-23,49.55,49.74,49.04,49.44,49.44,1241600
2012-04-24,49.18,49.29,48.26,48.38,48.38,2612800
2012-04-25,48.75,49.46,48.67,49.42,49.42,1354000
2012-04-26,49.44,50.22,49.2,49.97,49.97,1195200
2012-04-27,50.25,51.21,50.08,50.97,50.97,1464800
2012-04-30,51.04,51.26,50.65,50.83,50.83,1308800
2012-05-01,50.94,51.56,50.47,51.03,51.03,1247800
2012-05-02,51.08,52.04,50.98,51.94,51.94,1302000
2012-05-03,52.0,52.04,51.49,51.69,51.69,1164000
2012-05-04,51.32,51.95,50.94,50.94,50.94,1485800
2012-05-07,50.74,51.79,50.6,51.42,51.42,1723000
2012-05-08,51.42,51.42,50.08,50.8,50.8,2152200
2012-05-09,50.62,51.35,50.51,50.94,50.94,1736600
2012-05-10,51.21,51.4,50.49,51.12,51.12,1484000
2012-05-11,51.01,51.88,51.01,51.35,51.35,1315600
2012-05-14,50.99,51.33,49.85,49.86,49.86,2502600
2012-05-15,50.09,51.44,49.7,50.56,50.56,3179000
2012-05-16,50.79,51.19,50.41,50.65,50.65,2859400
2012-05-17,48.6,49.19,47.5,47.56,47.56,7833200
2012-05-18,47.61,48.03,46.35,47.6,47.6,3323600
2012-05-21,47.64,48.69,47.4,48.44,48.44,2183200
2012-05-22,48.6,49.37,47.92,49.06,49.06,2086000
2012-05-23,48.76,49.75,48.76,49.67,49.67,1836000
2012-05-24,49.9,50.86,49.71,50.85,50.85,2162000
2012-05-25,50.97,51.16,50.6,51.1,51.1,1436600
2012-05-29,51.5,51.54,50.4,51.1,51.1,2019200
2012-05-30,50.9,51.48,50.5,51.34,51.34,1990400
2012-05-31,51.26,51.78,50.83,51.59,51.59,2614800
2012-06-01,51.19,51.44,49.88,49.97,49.97,2616000
2012-06-04,49.85,51.06,49.63,50.99,50.99,1866000
2012-06-05,50.87,50.99,50.26,50.57,50.57,1876800
2012-06-06,51.02,52.51,50.88,52.4,52.4,3264400
2012-06-07,52.66,52.81,52.29,52.42,52.42,1809200
2012-06-08,52.42,53.42,52.4,53.36,53.36,2001600
2012-06-11,53.71,53.8,52.78,52.87,52.87,2322400
2012-06-12,53.17,53.63,52.8,53.58,53.58,1854600
2012-06-13,53.56,53.88,53.01,53.26,53.26,1636800
2012-06-14,53.33,54.1,53.31,53.96,53.96,1720000
2012-06-15,54.03,55.4,53.79,55.17,55.17,4383000
2012-06-18,55.28,56.47,54.97,56.34,56.34,2256400
2012-06-19,56.51,56.78,56.18,56.74,56.74,1745000
2012-06-20,56.78,56.81,55.1,55.57,55.57,3029600
2012-06-21,55.81,55.93,53.77,54.13,54.13,2817600
2012-06-22,54.33,54.83,54.04,54.77,54.77,1498600
2012-06-25,54.51,54.88,54.07,54.77,54.77,1186800
2012-06-26,54.78,55.69,54.77,55.49,55.49,1710200
2012-06-27,55.59,55.68,53.29,53.48,53.48,2912600
2012-06-28,52.4,52.43,50.69,52.18,52.18,4228900
2012-06-29,53.33,53.95,53.06,53.8,53.8,2568500
2012-07-02,53.43,53.43,50.63,52.13,52.13,4017200
2012-07-03,51.8,52.55,51.45,52.02,52.02,1507200
2012-07-05,52.03,54.14,52.02,54.02,54.02,2741500
2012-07-06,54.09,54.72,53.75,54.29,54.29,2104100
2012-07-09,53.01,53.77,52.11,53.0,53.0,2746500
2012-07-10,52.9,53.54,52.65,52.83,52.83,2522000
2012-07-11,53.01,53.23,51.46,51.8,51.8,2193000
2012-07-12,51.55,52.25,51.1,52.03,52.03,1458300
2012-07-13,52.21,52.95,51.94,52.77,52.77,1694200
2012-07-16,52.5,53.22,52.17,52.51,52.51,1294800
2012-07-17,53.02,53.46,52.55,53.3,53.3,1386000
2012-07-18,53.26,53.71,52.52,52.89,52.89,1713200
2012-07-19,52.92,53.08,52.03,52.67,52.67,2034600
2012-07-20,52.62,52.75,51.31,51.38,51.38,2392300
2012-07-23,50.8,50.87,49.8,50.65,50.65,2152300
2012-07-24,50.72,51.12,50.4,50.63,50.63,1281200
2012-07-25,50.62,50.7,50.02,50.14,50.14,2365600
2012-07-26,50.86,51.18,50.25,51.02,51.02,1576400
2012-07-27,51.24,52.39,51.06,51.96,51.96,1674200
2012-07-30,51.78,52.06,51.29,51.44,51.44,1525400
2012-07-31,51.2,51.39,50.32,50.34,50.34,1773600
2012-08-01,50.38,50.98,49.9,50.02,50.02,1535400
2012-08-02,49.82,51.0,49.66,50.64,50.64,1726100
2012-08-03,51.42,51.53,50.78,51.12,51.12,1256800
2012-08-06,51.1,51.4,50.93,50.99,50.99,1007400
2012-08-07,51.29,52.01,50.91,51.97,51.97,1494100
2012-08-08,51.75,53.0,51.64,52.95,52.95,2215900
2012-08-09,52.86,52.96,51.56,51.66,51.66,1817100
2012-08-10,51.82,52.06,50.56,50.72,50.72,2003300
2012-08-13,50.36,50.69,49.67,50.15,50.15,3331200
2012-08-14,50.52,50.77,50.22,50.62,50.62,2394400
2012-08-15,50.55,50.73,49.94,50.0,50.0,2668200
2012-08-16,47.73,49.79,38.4,49.11,49.11,6924700
2012-08-17,49.2,49.38,48.61,48.9,48.9,2437300
2012-08-20,48.86,48.98,48.26,48.67,48.67,3374500
2012-08-21,48.58,48.67,48.11,48.3,48.3,2332800
2012-08-22,48.12,49.28,48.12,48.95,48.95,2740700
2012-08-23,48.68,48.73,48.25,48.5,48.5,1989100
2012-08-24,48.47,49.46,48.33,49.29,49.29,1976700
2012-08-27,49.37,49.41,48.28,48.38,48.38,2674800
2012-08-28,48.45,48.86,48.33,48.4,48.4,1935800
2012-08-29,48.52,48.83,48.42,48.46,48.46,1559700
2012-08-30,48.23,48.45,48.05,48.09,48.09,1314400
2012-08-31,48.25,48.47,47.91,48.17,48.17,2138200
2012-09-04,48.05,48.35,47.73,48.19,48.19,1482300
2012-09-05,48.4,48.98,47.29,47.33,47.33,3607800
2012-09-06,47.44,48.42,47.44,48.0,48.0,2888900
2012-09-07,48.07,48.11,47.56,47.71,47.71,1788000
2012-09-10,47.57,47.69,47.28,47.41,47.41,2122800
2012-09-11,47.3,47.47,46.24,46.42,46.42,3305600
2012-09-12,46.54,46.56,45.43,46.07,46.07,4607500
2012-09-13,45.97,47.19,45.9,46.85,46.85,3185600
2012-09-14,46.87,47.6,46.72,47.2,47.2,2940400
2012-09-17,47.2,47.3,46.73,46.93,46.93,1517500
2012-09-18,46.5,47.02,46.5,46.82,46.82,2579100
2012-09-19,46.8,47.18,46.78,47.06,47.06,1723400
2012-09-20,47.0,49.57,46.97,49.41,49.41,5167000
2012-09-21,49.51,49.51,48.5,48.55,48.55,3603000
2012-09-24,48.45,49.25,48.34,49.03,49.03,1867400
2012-09-25,49.04,49.26,48.65,48.72,48.72,2219800
2012-09-26,48.85,49.14,48.31,48.38,48.38,1833800
2012-09-27,48.37,48.98,48.0,48.57,48.57,1664900
2012-09-28,48.23,48.43,47.82,48.29,48.29,2175400
2012-10-01,48.31,48.68,48.08,48.3,48.3,1532600
2012-10-02,48.56,48.66,47.3,47.63,47.63,1951400
2012-10-03,47.83,47.95,46.99,47.02,47.02,3184500
2012-10-04,47.2,47.51,46.84,46.85,46.85,2664800
2012-10-05,47.84,48.52,47.53,48.07,48.07,2391900
2012-10-08,47.96,47.96,47.22,47.27,47.27,1697500
2012-10-09,47.08,47.25,45.76,45.79,45.79,2849400
2012-10-10,46.94,47.55,46.13,46.91,46.91,4413000
2012-10-11,47.46,47.46,42.51,43.28,43.28,16248300
2012-10-12,42.17,42.2,40.84,41.11,41.11,11198500
2012-10-15,41.2,41.99,40.22,40.52,40.52,7126000
2012-10-16,40.52,41.34,40.41,40.52,40.52,5025800
2012-10-17,40.47,40.89,39.69,40.37,40.37,6973400
2012-10-18,40.35,40.47,39.23,39.36,39.36,5659800
2012-10-19,39.2,39.69,38.77,39.15,39.15,5545600
2012-10-22,38.88,39.25,38.65,38.98,38.98,4397200
2012-10-23,38.47,39.62,38.45,39.19,39.19,4716800
2012-10-24,40.3,40.7,39.29,40.26,40.26,6720200
2012-10-25,40.75,40.97,39.78,40.05,40.05,4809600
2012-10-26,40.02,40.13,39.51,39.85,39.85,3034400
2012-10-31,39.21,40.0,39.2,39.87,39.87,3445200
2012-11-01,39.84,40.65,39.52,40.38,40.38,3351700
2012-11-02,40.59,40.82,39.53,39.59,39.59,4089300
2012-11-05,39.58,39.65,38.76,39.53,39.53,4145600
2012-11-06,39.45,39.48,38.95,39.03,39.03,3287600
2012-11-07,39.0,39.05,38.18,38.83,38.83,3400400
2012-11-08,38.71,39.03,38.09,38.13,38.13,2805700
2012-11-09,38.03,38.2,37.12,37.74,37.74,3981400
2012-11-12,37.77,38.15,37.51,37.87,37.87,2772500
2012-11-13,37.68,38.11,37.67,37.71,37.71,3836500
2012-11-14,37.9,38.2,37.52,37.76,37.76,5085200
2012-11-15,39.0,40.01,38.45,39.7,39.7,10293000
2012-11-16,39.79,39.98,38.6,38.82,38.82,6732400
2012-11-19,38.99,40.46,38.99,40.45,40.45,4760400
2012-11-20,40.23,41.63,40.11,41.61,41.61,6223500
2012-11-21,41.51,42.0,41.28,41.47,41.47,4086400
2012-11-23,41.55,42.04,41.39,42.03,42.03,1163800
2012-11-26,42.01,42.27,41.79,42.18,42.18,3595500
2012-11-27,42.05,42.66,40.99,41.13,41.13,5943200
2012-11-28,41.13,41.45,40.83,41.42,41.42,4078300
2012-11-29,41.65,41.94,41.32,41.73,41.73,3841500
2012-11-30,41.78,42.04,41.53,41.74,41.74,4649400
2012-12-03,41.91,41.99,41.28,41.34,41.34,2497000
2012-12-04,41.88,41.92,40.7,41.36,41.36,3215000
2012-12-05,41.28,41.53,40.45,40.55,40.55,2819400
2012-12-06,40.56,40.72,39.9,40.39,40.39,3208100
2012-12-07,40.64,40.64,39.68,39.82,39.82,3832000
2012-12-10,39.8,39.98,39.3,39.44,39.44,3629300
2012-12-11,39.62,39.72,37.47,37.98,37.98,13772600
2012-12-12,38.14,39.15,37.88,38.65,38.65,8916200
2012-12-13,38.48,39.48,38.44,38.84,38.84,3950400
2012-12-14,38.9,38.95,38.59,38.63,38.63,3795400
2012-12-17,38.65,39.48,38.63,39.47,39.47,3559000
2012-12-18,39.46,40.34,39.42,40.26,40.26,3415300
2012-12-19,40.3,40.62,39.5,39.55,39.55,4072300
2012-12-20,39.5,40.17,39.34,39.99,39.99,2512000
2012-12-21,39.49,40.12,39.0,40.03,40.03,3924500
2012-12-24,39.85,40.45,39.78,40.05,40.05,1273200
2012-12-26,40.12,40.38,39.34,39.72,39.72,1719800
2012-12-27,39.89,39.9,39.18,39.73,39.73,1988900
2012-12-28,39.48,40.17,39.46,39.6,39.6,2316600
2012-12-31,39.47,40.58,39.27,40.56,40.56,2278900
2013-01-02,41.07,41.37,39.79,39.9,39.9,5082100
2013-01-03,38.49,39.99,37.92,39.48,39.48,8756400
2013-01-04,39.45,40.18,39.33,39.62,39.62,3191200
2013-01-07,39.44,40.01,38.88,39.96,39.96,3049000
2013-01-08,39.79,39.89,38.94,39.01,39.01,3223700
2013-01-09,38.95,39.04,37.95,38.18,38.18,3747500
2013-01-10,38.42,38.48,38.03,38.14,38.14,3486500
2013-01-11,38.23,38.23,37.76,38.12,38.12,5227000
2013-01-14,38.07,38.14,37.85,38.04,38.04,2360600
2013-01-15,37.72,38.82,37.7,38.6,38.6,4615500
2013-01-16,38.81,39.02,38.33,38.82,38.82,2032800
2013-01-17,38.95,39.17,38.74,38.98,38.98,1633100
2013-01-18,38.88,39.16,38.36,38.52,38.52,2660100
2013-01-22,38.5,39.67,38.38,39.53,39.53,3345100
2013-01-23,39.62,40.14,39.27,39.96,39.96,3672800
2013-01-24,40.06,41.34,40.06,41.06,41.06,4709300
2013-01-25,41.1,41.31,40.77,41.05,41.05,2942000
2013-01-28,41.24,41.53,40.87,40.98,40.98,2492400
2013-01-29,40.77,40.87,40.39,40.62,40.62,1842400
2013-01-30,40.57,40.81,39.66,39.81,39.81,3582000
2013-01-31,39.93,40.29,39.93,39.99,39.99,2671800
2013-02-01,40.25,40.35,39.81,40.12,40.12,2516800
2013-02-04,39.91,40.37,39.51,39.58,39.58,3236600
2013-02-05,39.85,39.93,39.45,39.59,39.59,2904500
2013-02-06,39.64,39.93,39.43,39.56,39.56,1957700
2013-02-07,39.65,39.9,39.01,39.4,39.4,3093600
2013-02-08,39.41,41.33,39.33,41.06,41.06,3308600
2013-02-11,41.26,41.36,40.35,40.96,40.96,2462300
2013-02-12,40.83,40.96,40.0,40.23,40.23,2273900
2013-02-13,40.23,40.53,39.46,39.72,39.72,2992900
2013-02-14,39.47,40.12,38.43,39.93,39.93,4254200
2013-02-15,39.9,41.86,39.66,41.12,41.12,10303200
2013-02-19,41.12,41.2,39.86,40.4,40.4,4698800
2013-02-20,40.35,40.7,39.98,40.29,40.29,3301300
2013-02-21,40.25,41.94,40.1,41.46,41.46,5620000
2013-02-22,41.69,41.93,41.18,41.89,41.89,3258900
2013-02-25,41.91,41.98,40.82,40.82,40.82,4879800
2013-02-26,40.76,41.25,40.65,41.08,41.08,4751800
2013-02-27,43.5,46.71,43.5,45.39,45.39,10563500
2013-02-28,45.25,45.98,45.01,45.19,45.19,6105800
2013-03-01,45.02,46.16,44.62,46.11,46.11,3607500
2013-03-04,45.85,46.5,45.69,46.48,46.48,3552000
2013-03-05,46.75,46.76,45.56,46.0,46.0,3529800
2013-03-06,46.31,46.45,45.19,45.47,45.47,2544300
2013-03-07,45.46,45.58,44.88,45.1,45.1,1975400
2013-03-08,45.47,45.5,44.87,45.03,45.03,2491200
2013-03-11,44.89,45.54,44.81,45.01,45.01,1861800
2013-03-12,44.88,45.17,44.53,44.64,44.64,1813900
2013-03-13,45.44,45.44,44.66,45.05,45.05,1645400
2013-03-14,45.01,45.21,44.79,44.96,44.96,1606600
2013-03-15,44.8,45.1,44.13,44.24,44.24,2630400
2013-03-18,44.73,44.92,43.68,44.91,44.91,1963400
2013-03-19,44.64,45.35,44.15,44.37,44.37,2324000
2013-03-20,44.81,46.33,44.77,46.16,46.16,2652900
2013-03-21,45.68,46.64,45.51,46.34,46.34,2610800
2013-03-22,46.32,47.23,45.94,46.84,46.84,3068700
2013-03-25,47.48,48.61,46.66,47.02,47.02,3426300
2013-03-26,47.19,48.39,47.05,48.35,48.35,3363500
2013-03-27,47.77,48.24,47.6,47.86,47.86,1814100
2013-03-28,47.77,48.47,47.33,48.43,48.43,2597700
2013-04-01,48.56,48.57,47.4,47.6,47.6,2387200
2013-04-02,47.93,48.0,47.05,47.32,47.32,1773900
2013-04-03,48.35,48.44,47.16,47.26,47.26,3013300
2013-04-04,47.25,47.71,47.12,47.67,47.67,2116800
2013-04-05,46.85,47.25,46.63,46.97,46.97,2012100
2013-04-08,47.06,47.38,46.51,47.03,47.03,1612800
2013-04-09,46.92,46.96,45.57,45.99,45.99,4093900
2013-04-10,45.69,46.81,45.67,46.12,46.12,4465100
2013-04-11,46.35,47.4,46.35,47.28,47.28,2550300
2013-04-12,47.33,47.85,47.12,47.82,47.82,1641900
2013-04-15,47.48,47.98,46.77,46.88,46.88,1915600
2013-04-16,47.06,47.82,46.45,47.73,47.73,1660900
2013-04-17,47.28,47.62,46.89,47.37,47.37,1342400
2013-04-18,47.67,47.67,46.36,47.01,47.01,1674100
2013-04-19,46.86,47.47,46.62,47.47,47.47,1277900
2013-04-22,47.45,47.83,46.88,47.71,47.71,1406500
2013-04-23,47.82,48.41,47.71,48.2,48.2,1515100
2013-04-24,48.38,48.6,47.9,48.18,48.18,1091300
2013-04-25,48.48,48.85,48.32,48.6,48.6,1760900
2013-04-26,48.44,48.6,47.87,47.95,47.95,1507600
2013-04-29,48.09,48.34,47.66,47.79,47.79,1385600
2013-04-30,47.65,47.73,46.88,47.56,47.56,2334700
2013-05-01,47.64,48.24,47.57,47.81,47.81,1290800
2013-05-02,47.85,48.72,47.72,48.42,48.42,1357500
2013-05-03,48.84,48.92,48.36,48.66,48.66,1588600
2013-05-06,48.52,49.0,48.4,48.7,48.7,1549100
2013-05-07,48.64,49.55,48.13,49.5,49.5,1772300
2013-05-08,49.49,49.85,49.12,49.39,49.39,1414100
2013-05-09,49.4,49.8,48.87,49.06,49.06,1020000
2013-05-10,49.17,49.56,49.0,49.28,49.28,1001600
2013-05-13,49.08,49.28,48.66,49.07,49.07,1431400
2013-05-14,49.1,49.54,49.07,49.16,49.16,1286000
2013-05-15,49.25,50.47,48.81,50.28,50.28,1707800
2013-05-16,49.99,50.64,49.55,49.75,49.75,1268200
2013-05-17,50.24,50.27,49.29,49.76,49.76,2508400
2013-05-20,49.68,49.75,49.27,49.47,49.47,1287800
2013-05-21,49.6,49.68,49.35,49.38,49.38,1663100
2013-05-22,49.54,49.64,48.08,48.37,48.37,3215200
2013-05-23,49.9,51.2,48.63,50.19,50.19,4433000
2013-05-24,50.01,50.33,49.86,50.24,50.24,1997000
2013-05-28,50.68,50.97,50.22,50.56,50.56,1347900
2013-05-29,50.23,50.5,49.42,49.77,49.77,2124300
2013-05-30,49.7,49.99,48.97,49.0,49.0,1596200
2013-05-31,48.94,49.38,47.7,48.04,48.04,2473200
2013-06-03,48.5,50.07,48.38,49.17,49.17,2109200
2013-06-04,48.68,49.51,48.18,48.55,48.55,2667200
2013-06-05,48.57,49.04,47.99,48.12,48.12,1158200
2013-06-06,48.62,49.3,48.11,49.28,49.28,1919300
2013-06-07,49.29,50.13,49.28,49.69,49.69,1199600
2013-06-10,49.74,50.12,49.33,49.8,49.8,1290700
2013-06-11,49.44,50.12,49.02,49.83,49.83,1142100
2013-06-12,50.1,50.18,48.54,48.56,48.56,1108400
2013-06-13,48.61,49.59,48.3,49.32,49.32,968800
2013-06-14,49.27,49.72,48.86,49.12,49.12,785300
2013-06-17,49.7,50.79,49.7,50.14,50.14,1685700
2013-06-18,50.04,50.66,50.04,50.6,50.6,1444800
2013-06-19,50.54,50.73,49.97,50.16,50.16,1298600
2013-06-20,49.84,50.07,49.26,49.35,49.35,1770300
2013-06-21,49.64,50.65,48.51,49.41,49.41,4255900
2013-06-24,49.24,49.99,48.91,49.62,49.62,2543900
2013-06-25,49.83,49.94,49.06,49.78,49.78,1876000
2013-06-26,50.22,50.5,49.63,49.95,49.95,1403000
2013-06-27,50.22,50.52,49.95,50.33,50.33,1025600
2013-06-28,50.06,51.29,50.02,50.84,50.84,2607100
2013-07-01,50.66,51.87,50.46,51.63,51.63,1423200
2013-07-02,51.43,52.39,51.25,51.95,51.95,1874500
2013-07-03,51.53,52.36,51.31,52.06,52.06,923000
2013-07-05,52.5,53.25,51.89,53.0,53.0,1132200
2013-07-08,53.25,53.78,52.85,53.26,53.26,1746600
2013-07-09,53.36,53.78,52.61,52.82,52.82,1794000
2013-07-10,53.15,54.39,52.87,54.29,54.29,2160100
2013-07-11,54.97,55.0,53.66,54.17,54.17,1549000
2013-07-12,54.05,54.39,53.6,53.96,53.96,1531000
2013-07-15,53.91,54.1,53.38,53.51,53.51,1022600
2013-07-16,53.44,53.66,53.01,53.17,53.17,1881200
2013-07-17,53.18,53.6,52.96,53.1,53.1,1377200
2013-07-18,53.27,53.94,53.1,53.69,53.69,889800
2013-07-19,53.69,54.03,53.19,53.55,53.55,939600
2013-07-22,53.82,53.91,53.25,53.71,53.71,765500
2013-07-23,53.66,53.74,52.8,53.14,53.14,1205300
2013-07-24,53.33,53.49,52.24,52.88,52.88,1218000
2013-07-25,52.9,53.14,52.43,52.75,52.75,930000
2013-07-26,52.44,53.14,52.19,53.13,53.13,888400
2013-07-29,52.83,53.1,52.55,52.94,52.94,880700
2013-07-30,53.2,53.67,53.11,53.39,53.39,1093100
2013-07-31,53.71,53.98,53.52,53.65,53.65,1205600
2013-08-01,53.81,55.02,53.81,54.43,54.43,1259100
2013-08-02,54.5,54.52,53.74,54.38,54.38,1054800
2013-08-05,54.06,54.36,53.99,54.34,54.34,646700
2013-08-06,54.28,54.48,53.78,54.25,54.25,1140300
2013-08-07,54.23,54.25,53.45,53.9,53.9,1397000
2013-08-08,54.03,54.24,53.11,53.3,53.3,1615700
2013-08-09,53.26,53.62,52.72,52.92,52.92,849800
2013-08-12,52.52,52.99,52.4,52.97,52.97,1100600
2013-08-13,52.94,53.87,52.89,53.73,53.73,907900
2013-08-14,53.44,53.55,52.97,53.02,53.02,929500
2013-08-15,52.68,52.68,51.25,51.28,51.28,1452200
2013-08-16,51.05,51.26,50.33,50.45,50.45,2098600
2013-08-19,50.52,51.25,50.35,50.91,50.91,1715500
2013-08-20,51.25,52.28,51.25,52.0,52.0,2120600
2013-08-21,51.97,52.34,51.48,51.84,51.84,1964700
2013-08-22,52.2,54.92,51.7,53.13,53.13,3218700
2013-08-23,53.34,53.55,52.67,53.29,53.29,2006000
2013-08-26,54.0,54.57,53.75,54.12,54.12,1776600
2013-08-27,53.62,54.19,53.31,53.51,53.51,1604400
2013-08-28,53.6,53.82,53.25,53.31,53.31,841400
2013-08-29,52.98,53.54,52.91,53.02,53.02,1080600
2013-08-30,53.18,53.34,52.53,52.7,52.7,887200
2013-09-03,53.14,53.5,52.31,52.53,52.53,1046400
2013-09-04,52.96,54.41,52.68,54.17,54.17,2102700
2013-09-05,54.03,54.71,53.9,53.97,53.97,1252100
2013-09-06,53.94,54.15,52.96,53.45,53.45,948400
2013-09-09,53.45,53.76,53.28,53.69,53.69,1336300
2013-09-10,53.91,54.37,53.39,54.37,54.37,1107900
2013-09-11,54.49,55.05,54.3,54.99,54.99,1448400
2013-09-12,54.72,55.09,54.47,54.61,54.61,963600
2013-09-13,54.8,54.99,54.45,54.87,54.87,708200
2013-09-16,55.35,56.4,55.35,55.86,55.86,2180200
2013-09-17,55.9,56.05,55.54,55.83,55.83,938400
2013-09-18,57.52,57.9,56.67,57.82,57.82,3662100
2013-09-19,58.14,58.69,57.67,58.49,58.49,2270700
2013-09-20,58.48,58.68,57.85,58.0,58.0,2213100
2013-09-23,57.68,58.06,57.37,57.88,57.88,1942800
2013-09-24,58.1,58.58,57.97,58.14,58.14,1282600
2013-09-25,57.72,58.14,56.98,57.44,57.44,2029400
2013-09-26,57.72,58.32,57.51,58.09,58.09,1214900
2013-09-27,57.83,58.08,57.28,57.52,57.52,1103200
2013-09-30,56.76,57.43,56.36,57.16,57.16,2220600
2013-10-01,57.32,58.54,57.07,58.45,58.45,1788200
2013-10-02,58.25,58.95,57.81,58.95,58.95,1874700
2013-10-03,58.92,59.06,58.27,58.77,58.77,1612400
2013-10-04,58.81,59.4,58.46,59.21,59.21,1428000
2013-10-07,58.62,58.89,58.07,58.22,58.22,1664200
2013-10-08,58.33,58.46,57.78,57.87,57.87,1680200
2013-10-09,57.4,57.82,57.21,57.66,57.66,1491900
2013-10-10,58.17,58.43,57.56,58.23,58.23,2072500
2013-10-11,58.22,58.82,58.02,58.69,58.69,1245400
2013-10-14,58.62,59.0,58.4,58.86,58.86,1430000
2013-10-15,57.83,58.79,57.83,58.48,58.48,1274200
2013-10-16,59.05,59.68,58.78,59.06,59.06,1549400
2013-10-17,58.98,59.14,58.52,58.99,58.99,1272500
2013-10-18,59.02,59.37,58.73,59.24,59.24,1201600
2013-10-21,59.02,59.66,59.01,59.61,59.61,992300
2013-10-22,59.78,60.19,59.12,59.47,59.47,1258100
2013-10-23,59.17,59.76,59.07,59.37,59.37,744000
2013-10-24,59.52,59.67,59.17,59.62,59.62,765200
2013-10-25,59.71,59.83,59.34,59.7,59.7,749900
2013-10-28,59.72,59.78,58.99,59.23,59.23,1123900
2013-10-29,59.47,59.59,58.9,59.15,59.15,2086800
2013-10-30,59.2,59.44,58.17,58.57,58.57,1589500
2013-10-31,58.72,58.82,58.26,58.4,58.4,1229700
2013-11-01,58.88,58.88,58.01,58.17,58.17,1213100
2013-11-04,58.52,58.67,57.9,57.96,57.96,1917500
2013-11-05,58.03,59.06,57.85,58.5,58.5,1628600
2013-11-06,59.85,59.85,58.25,58.72,58.72,1070400
2013-11-07,58.84,58.88,57.87,57.91,57.91,1517800
2013-11-08,58.08,58.78,57.76,58.66,58.66,1876300
2013-11-11,58.42,59.39,58.2,59.06,59.06,1263800
2013-11-12,58.92,59.36,58.78,59.29,59.29,880800
2013-11-13,58.95,59.73,58.95,59.62,59.62,1401600
2013-11-14,59.56,60.02,59.2,59.81,59.81,1315300
2013-11-15,59.82,59.98,59.24,59.91,59.91,1399300
2013-11-18,60.02,60.11,58.97,59.54,59.54,1984000
2013-11-19,59.82,59.83,59.2,59.31,59.31,1324700
2013-11-20,59.38,59.61,58.66,58.92,58.92,2053600
2013-11-21,55.5,56.9,55.15,56.28,56.28,8819100
2013-11-22,56.83,57.52,56.56,56.86,56.86,4406900
2013-11-25,57.07,57.36,56.41,56.55,56.55,2276800
2013-11-26,56.69,56.82,56.07,56.19,56.19,2952000
2013-11-27,56.37,56.56,55.79,55.83,55.83,2038200
2013-11-29,55.86,56.2,55.59,55.65,55.65,2571900
2013-12-02,55.63,55.92,55.38,55.49,55.49,2421600
2013-12-03,55.45,55.64,54.94,55.24,55.24,2774700
2013-12-04,54.73,55.54,54.67,54.9,54.9,2875200
2013-12-05,55.07,56.25,55.05,55.25,55.25,3055400
2013-12-06,55.51,55.74,55.02,55.17,55.17,3809700
2013-12-09,55.43,55.71,55.1,55.28,55.28,2243900
2013-12-10,55.15,56.03,55.11,55.64,55.64,2220800
2013-12-11,55.52,56.39,55.51,55.9,55.9,2100100
2013-12-12,55.95,56.28,55.58,55.74,55.74,1983500
2013-12-13,55.94,56.32,55.44,55.72,55.72,1218800
2013-12-16,55.89,56.32,55.83,56.11,56.11,2280300
2013-12-17,56.03,56.11,55.59,55.71,55.71,2119100
2013-12-18,55.76,55.91,55.08,55.82,55.82,3047000
2013-12-19,55.74,55.8,55.1,55.3,55.3,1809800
2013-12-20,55.25,55.66,55.08,55.45,55.45,4882900
2013-12-23,55.65,56.12,55.36,55.99,55.99,2231400
2013-12-24,56.0,56.75,55.99,56.4,56.4,1176600
2013-12-26,55.75,56.88,55.75,56.58,56.58,1219100
2013-12-27,56.58,56.8,55.95,56.29,56.29,1246400
2013-12-30,56.21,56.47,56.09,56.35,56.35,1196200
2013-12-31,56.66,56.71,56.28,56.42,56.42,887200
2014-01-02,55.99,56.56,55.98,56.4,56.4,2424200
2014-01-03,56.55,56.92,56.39,56.57,56.57,1694200
2014-01-06,56.74,57.41,56.55,56.76,56.76,2780000
2014-01-07,56.55,56.94,56.48,56.59,56.59,2398200
2014-01-08,56.47,56.71,56.33,56.64,56.64,1914300
2014-01-09,55.92,56.91,55.64,56.43,56.43,3417000
2014-01-10,56.57,56.7,55.4,55.89,55.89,3352500
2014-01-13,55.91,55.95,55.0,55.13,55.13,3368700
2014-01-14,55.29,55.55,54.66,55.27,55.27,2110800
2014-01-15,55.44,55.47,54.76,55.19,55.19,2145500
2014-01-16,55.14,55.33,54.34,54.61,54.61,3345300
2014-01-17,54.64,54.75,53.9,54.32,54.32,3723000
2014-01-21,54.28,54.52,53.34,53.55,53.55,3732400
2014-01-22,52.97,53.25,52.79,53.14,53.14,2634200
2014-01-23,52.69,52.96,52.19,52.56,52.56,3150400
2014-01-24,52.23,52.66,51.65,51.67,51.67,3248100
2014-01-27,51.66,52.01,51.02,51.07,51.07,4067600
2014-01-28,51.11,51.37,50.88,51.11,51.11,4176100
2014-01-29,50.85,51.18,50.56,50.57,50.57,3209000
2014-01-30,51.03,51.31,50.73,51.06,51.06,3159300
2014-01-31,50.53,50.85,49.66,50.52,50.52,6940700
2014-02-03,50.49,50.72,49.59,49.68,49.68,3311700
2014-02-04,49.84,50.2,49.69,50.01,50.01,3153000
2014-02-05,50.01,50.33,49.65,49.81,49.81,6210500
2014-02-06,49.94,50.93,49.83,50.89,50.89,3177800
2014-02-07,51.15,51.5,50.79,51.39,51.39,1659900
2014-02-10,51.19,51.52,50.97,51.33,51.33,2068600
2014-02-11,51.3,51.75,51.04,51.58,51.58,1768300
2014-02-12,51.79,52.17,51.55,51.93,51.93,2610900
2014-02-13,51.79,51.89,51.51,51.84,51.84,1681900
2014-02-14,51.78,52.19,51.4,51.92,51.92,1968700
2014-02-18,52.04,52.37,51.81,52.29,52.29,1877900
2014-02-19,52.2,52.52,52.02,52.19,52.19,2290400
2014-02-20,52.15,52.15,51.5,51.52,51.52,2661300
2014-02-21,51.6,52.27,51.38,51.97,51.97,1958200
2014-02-24,52.0,52.78,51.97,52.33,52.33,2313200
2014-02-25,52.25,52.9,52.03,52.68,52.68,3150300
2014-02-26,52.24,56.39,52.24,55.29,55.29,9319800
2014-02-27,55.04,55.63,54.62,54.66,54.66,4322500
2014-02-28,54.76,55.12,54.44,54.77,54.77,2375300
2014-03-03,54.45,54.99,54.26,54.72,54.72,1788800
2014-03-04,55.1,55.32,54.24,54.63,54.63,1946700
2014-03-05,54.52,54.6,53.59,54.01,54.01,2564100
2014-03-06,54.02,54.37,53.69,54.11,54.11,1334600
2014-03-07,54.6,54.94,54.28,54.33,54.33,1896000
2014-03-10,54.3,54.54,54.0,54.29,54.29,1837000
2014-03-11,54.48,54.58,54.23,54.43,54.43,1417700
2014-03-12,54.14,54.99,54.11,54.96,54.96,2273800
2014-03-13,54.1,54.94,54.0,54.21,54.21,1634600
2014-03-14,54.02,54.75,53.86,53.92,53.92,1386400
2014-03-17,54.3,54.3,53.27,53.68,53.68,1488100
2014-03-18,53.62,53.87,53.33,53.66,53.66,1152100
2014-03-19,53.78,53.94,52.91,53.27,53.27,1348900
2014-03-20,53.12,53.61,52.96,53.32,53.32,1196300
2014-03-21,53.74,53.86,52.63,52.75,52.75,3666500
2014-03-24,52.9,53.0,52.04,52.29,52.29,2381200
2014-03-25,52.38,52.64,51.86,51.91,51.91,1766600
2014-03-26,52.14,52.59,52.03,52.03,52.03,1990600
2014-03-27,51.89,52.09,51.22,51.83,51.83,1764500
2014-03-28,52.01,52.53,51.93,52.15,52.15,1405300
2014-03-31,52.25,52.41,51.71,52.18,52.18,2033800
2014-04-01,51.52,52.78,51.52,52.47,52.47,1753400
2014-04-02,52.47,52.97,52.28,52.82,52.82,1931600
2014-04-03,52.83,53.11,52.61,52.76,52.76,2290300
2014-04-04,53.0,53.15,51.92,52.11,52.11,2075000
2014-04-07,52.09,52.17,50.58,50.94,50.94,2768900
2014-04-08,50.83,51.14,50.61,50.89,50.89,1936300
2014-04-09,50.98,52.18,50.94,52.13,52.13,2775200
2014-04-10,52.03,52.23,50.66,50.81,50.81,2420000
2014-04-11,50.5,51.08,50.31,50.74,50.74,3013000
2014-04-14,51.09,51.23,50.44,50.94,50.94,2049100
2014-04-15,51.06,51.35,50.15,50.73,50.73,1975900
2014-04-16,51.18,51.42,50.49,50.69,50.69,1017700
2014-04-17,50.63,51.33,50.54,51.09,51.09,1392200
2014-04-21,51.1,51.3,50.49,50.67,50.67,1334000
2014-04-22,50.65,51.5,50.65,51.36,51.36,1631700
2014-04-23,51.84,51.87,51.25,51.51,51.51,1176300
2014-04-24,51.74,51.89,51.18,51.42,51.42,723500
2014-04-25,51.21,51.73,51.0,51.36,51.36,1196300
2014-04-28,51.63,52.3,51.41,51.89,51.89,1288700
2014-04-29,51.97,52.24,51.25,51.51,51.51,1185700
2014-04-30,51.39,52.11,51.15,52.07,52.07,1337900
2014-05-01,52.34,52.4,51.55,51.64,51.64,1155600
2014-05-02,51.85,52.72,51.63,52.5,52.5,1434200
2014-05-05,52.2,52.38,51.61,52.01,52.01,1012200
2014-05-06,51.95,52.51,51.48,51.59,51.59,1256100
2014-05-07,51.58,51.97,51.38,51.92,51.92,1636600
2014-05-08,52.02,52.8,51.79,52.04,52.04,1754900
2014-05-09,51.97,52.8,51.56,52.77,52.77,1360000
2014-05-12,52.78,53.35,52.73,53.31,53.31,1518000
2014-05-13,53.14,53.14,51.97,52.19,52.19,2610300
2014-05-14,52.03,52.3,51.6,51.74,51.74,1179300
2014-05-15,51.57,51.59,50.52,51.01,51.01,1786000
2014-05-16,51.07,51.91,50.78,51.79,51.79,1405700
2014-05-19,51.63,52.13,51.29,52.02,52.02,1711300
2014-05-20,51.89,52.08,50.92,51.12,51.12,2294600
2014-05-21,51.04,51.39,49.69,50.0,50.0,3511800
2014-05-22,53.92,54.5,53.01,53.31,53.31,6727200
2014-05-23,53.39,53.39,52.55,52.68,52.68,2441800
2014-05-27,52.77,53.35,52.75,53.17,53.17,1701800
2014-05-28,53.05,53.14,52.26,52.78,52.78,1680400
2014-05-29,53.59,53.68,52.86,53.26,53.26,2004500
2014-05-30,53.52,53.69,52.64,53.03,53.03,1402200
2014-06-02,52.99,53.41,52.87,53.32,53.32,1044400
2014-06-03,52.67,54.27,52.67,53.97,53.97,3000900
2014-06-04,53.77,54.34,53.62,54.32,54.32,1212000
2014-06-05,54.32,54.73,53.86,54.66,54.66,1777700
2014-06-06,54.93,55.35,54.67,55.14,55.14,1346300
2014-06-09,56.86,57.22,55.39,55.5,55.5,2839800
2014-06-10,55.62,55.62,54.54,54.61,54.61,1622400
2014-06-11,54.64,54.68,54.02,54.27,54.27,1110400
2014-06-12,54.08,54.29,53.55,53.93,53.93,1183800
2014-06-13,54.04,54.12,53.57,53.92,53.92,1196200
2014-06-16,53.84,54.31,53.84,54.0,54.0,964400
2014-06-17,53.89,54.18,53.7,53.9,53.9,784700
2014-06-18,53.71,53.95,53.36,53.75,53.75,1117100
2014-06-19,53.8,54.06,53.41,53.72,53.72,1163300
2014-06-20,53.99,54.03,53.4,53.68,53.68,2375500
2014-06-23,53.78,53.87,53.39,53.5,53.5,1263300
2014-06-24,53.67,53.97,53.43,53.77,53.77,2263800
2014-06-25,54.63,54.63,53.67,53.92,53.92,2073900
2014-06-26,53.81,53.81,53.11,53.66,53.66,1452300
2014-06-27,53.63,53.63,52.92,53.35,53.35,1320500
2014-06-30,53.47,54.56,53.16,54.46,54.46,2963100
2014-07-01,54.41,54.79,54.17,54.42,54.42,1594600
2014-07-02,54.24,54.88,54.24,54.75,54.75,1438600
2014-07-03,54.83,55.52,54.3,55.0,55.0,1071200
2014-07-07,54.95,55.36,54.79,55.35,55.35,1953000
2014-07-08,55.2,55.58,55.04,55.15,55.15,1693300
2014-07-09,56.7,56.7,55.05,55.22,55.22,1589600
2014-07-10,54.51,55.8,54.12,55.48,55.48,2097300
2014-07-11,55.43,55.51,54.67,55.25,55.25,1343700
2014-07-14,55.45,55.65,55.16,55.29,55.29,1239600
2014-07-15,55.37,55.7,54.98,55.17,55.17,2159500
2014-07-16,55.17,55.2,54.29,54.57,54.57,1445700
2014-07-17,54.25,54.8,54.06,54.2,54.2,1157000
2014-07-18,54.48,54.89,54.01,54.76,54.76,1232100
2014-07-21,54.64,54.84,54.32,54.41,54.41,665300
2014-07-22,54.63,54.68,54.16,54.29,54.29,819500
2014-07-23,54.44,54.58,54.12,54.46,54.46,559900
2014-07-24,54.48,55.18,54.48,54.95,54.95,1522100
2014-07-25,54.84,54.94,54.13,54.22,54.22,793200
2014-07-28,59.7,59.84,54.65,54.87,54.87,36320900
2014-07-29,54.57,55.21,53.76,54.44,54.44,13011000
2014-07-30,54.7,55.85,54.5,55.47,55.47,7141500
2014-07-31,55.31,55.82,54.39,54.47,54.47,5108000
2014-08-01,54.56,54.95,54.26,54.7,54.7,2895800
2014-08-04,54.77,56.28,54.7,55.97,55.97,3404000
2014-08-05,55.58,56.65,54.42,54.76,54.76,6156000
2014-08-06,54.59,55.68,54.43,55.01,55.01,2205100
2014-08-07,55.16,55.53,54.68,55.08,55.08,1791100
2014-08-08,55.34,55.8,54.96,55.68,55.68,1711700
2014-08-11,55.69,55.88,54.99,55.1,55.1,2117900
2014-08-12,54.91,55.41,54.7,54.93,54.93,2065400
2014-08-13,55.17,55.49,54.48,55.44,55.44,1765200
2014-08-14,55.54,56.05,55.4,55.93,55.93,1107400
2014-08-15,56.15,56.16,55.28,55.61,55.61,1883500
2014-08-18,54.75,54.8,54.04,54.26,54.26,9116400
2014-08-19,54.32,55.18,54.29,54.71,54.71,5911100
2014-08-20,54.76,55.36,54.43,55.0,55.0,3498700
2014-08-21,54.04,54.52,53.6,54.28,54.28,5605100
2014-08-22,54.39,54.58,54.04,54.27,54.27,2473700
2014-08-25,54.37,54.69,53.8,53.86,53.86,2496000
2014-08-26,53.81,54.2,53.43,53.51,53.51,2423600
2014-08-27,53.52,53.69,53.17,53.56,53.56,2482700
2014-08-28,53.48,54.26,53.32,53.95,53.95,3155800
2014-08-29,53.9,53.99,53.33,53.63,53.63,2670900
2014-09-02,53.87,54.7,53.78,54.46,54.46,4135600
2014-09-03,54.49,55.05,54.43,54.98,54.98,2974500
2014-09-04,55.02,55.57,54.85,55.02,55.02,3109500
2014-09-05,54.93,55.78,54.77,55.61,55.61,3099000
2014-09-08,55.42,55.79,55.25,55.54,55.54,1901400
2014-09-09,55.27,56.04,55.2,55.91,55.91,2049500
2014-09-10,55.96,56.11,55.61,55.82,55.82,1730100
2014-09-11,55.8,56.09,55.53,55.68,55.68,1622700
2014-09-12,55.7,56.22,55.69,55.92,55.92,1793200
2014-09-15,56.13,56.25,55.54,55.61,55.61,1173300
2014-09-16,55.38,55.8,55.38,55.73,55.73,1562700
2014-09-17,55.75,56.29,55.57,56.2,56.2,1809000
2014-09-18,56.3,57.4,56.13,57.11,57.11,4525400
2014-09-19,57.27,57.32,56.8,57.01,57.01,3190800
2014-09-22,57.07,57.2,56.54,56.76,56.76,2547500
2014-09-23,56.67,56.79,55.76,55.79,55.79,2459800
2014-09-24,55.75,56.27,55.64,56.15,56.15,4395600
2014-09-25,56.0,56.12,55.33,55.54,55.54,2026300
2014-09-26,55.71,56.11,55.36,55.74,55.74,5370200
2014-09-29,55.53,56.28,55.42,56.06,56.06,3178300
2014-09-30,55.99,56.3,55.86,56.07,56.07,1612700
2014-10-01,55.83,55.93,54.99,55.29,55.29,2145900
2014-10-02,55.36,55.89,55.02,55.75,55.75,1870200
2014-10-03,56.15,57.04,55.66,56.87,56.87,3155500
2014-10-06,57.25,57.32,56.4,56.57,56.57,1603700
2014-10-07,56.44,56.84,56.08,56.57,56.57,2283800
2014-10-08,56.7,57.36,56.45,57.22,57.22,2138800
2014-10-09,57.16,57.37,56.55,56.7,56.7,2540100
2014-10-10,56.88,57.3,56.04,56.05,56.05,2117200
2014-10-13,55.98,56.34,55.43,55.48,55.48,3991000
2014-10-14,55.89,55.9,54.86,55.88,55.88,3718000
2014-10-15,55.17,55.89,53.7,55.24,55.24,5913600
2014-10-16,54.68,55.58,54.15,55.05,55.05,2092200
2014-10-17,55.49,56.8,55.08,56.58,56.58,2233400
2014-10-20,56.74,57.36,56.21,57.34,57.34,2246900
2014-10-21,57.45,58.25,57.29,58.13,58.13,1976500
2014-10-22,58.19,58.51,57.53,57.56,57.56,1315100
2014-10-23,57.64,58.61,57.55,58.51,58.51,2212300
2014-10-24,58.32,58.98,58.14,58.94,58.94,1692300
2014-10-27,58.92,59.16,58.62,58.8,58.8,1254400
2014-10-28,58.7,58.98,58.19,58.98,58.98,1467600
2014-10-29,59.09,59.48,58.29,58.8,58.8,1434000
2014-10-30,58.61,59.72,58.48,59.52,59.52,1603900
2014-10-31,60.54,61.0,60.23,60.57,60.57,3760300
2014-11-03,60.84,60.99,60.21,60.89,60.89,1783000
2014-11-04,60.65,60.91,60.56,60.85,60.85,1019400
2014-11-05,60.72,61.4,60.63,61.13,61.13,1331800
2014-11-06,61.25,62.37,61.16,62.11,62.11,1975400
2014-11-07,62.2,62.23,61.28,61.56,61.56,1651100
2014-11-10,61.73,62.02,61.52,61.85,61.85,1601400
2014-11-11,61.74,62.16,61.36,61.51,61.51,1177400
2014-11-12,61.43,61.97,61.2,61.82,61.82,1837700
2014-11-13,62.05,62.33,61.65,61.99,61.99,1749400
2014-11-14,62.18,62.34,61.58,62.06,62.06,2011500
2014-11-17,62.08,62.72,61.36,61.47,61.47,1940700
2014-11-18,61.47,62.1,61.33,61.99,61.99,2626800
2014-11-19,62.4,62.66,61.38,62.63,62.63,3907400
2014-11-20,64.42,67.08,64.27,65.87,65.87,7792600
2014-11-21,66.84,67.23,66.01,66.39,66.39,3209200
2014-11-24,66.6,67.35,66.44,67.2,67.2,2191300
2014-11-25,67.38,67.38,66.53,66.8,66.8,2483900
2014-11-26,66.65,67.37,66.62,67.34,67.34,1567700
2014-11-28,68.41,69.5,68.18,68.36,68.36,1481500
2014-12-01,68.32,68.44,67.0,67.94,67.94,2870900
2014-12-02,66.92,68.8,66.92,68.71,68.71,2519200
2014-12-03,67.54,69.31,67.23,69.2,69.2,3745900
2014-12-04,69.07,69.65,69.03,69.27,69.27,2112900
2014-12-05,69.65,69.65,68.04,68.41,68.41,2722200
2014-12-08,68.08,68.44,67.57,67.99,67.99,2279600
2014-12-09,67.46,68.22,67.36,68.11,68.11,2275800
2014-12-10,68.02,68.11,67.1,67.2,67.2,1765900
2014-12-11,69.58,69.58,67.69,67.77,67.77,2061700
2014-12-12,67.11,68.67,67.09,68.14,68.14,1861900
2014-12-15,68.71,69.58,68.02,68.6,68.6,1736600
2014-12-16,67.83,68.46,66.95,67.01,67.01,2230100
2014-12-17,67.32,68.31,66.85,68.06,68.06,1775500
2014-12-18,68.88,69.15,68.56,69.11,69.11,2055800
2014-12-19,68.84,69.39,68.25,68.7,68.7,2902900
2014-12-22,68.75,69.25,68.29,69.09,69.09,1444700
2014-12-23,69.58,70.82,69.19,70.06,70.06,1605800
2014-12-24,70.29,70.46,69.48,69.86,69.86,663600
2014-12-26,70.0,70.68,69.47,69.57,69.57,925700
2014-12-29,69.38,70.53,69.36,70.5,70.5,1130900
2014-12-30,70.25,70.84,70.2,70.7,70.7,1240800
2014-12-31,70.98,71.53,70.32,70.38,70.38,2182600
2015-01-02,70.94,71.3,69.76,70.35,70.35,1435700
2015-01-05,70.2,70.54,69.45,69.62,69.62,2653100
2015-01-06,69.78,69.96,67.58,68.67,68.67,2696900
2015-01-07,69.18,70.92,68.83,70.83,70.83,2756300
2015-01-08,71.06,71.19,70.25,71.11,71.11,2794100
2015-01-09,71.0,71.2,69.36,69.46,69.46,2161100
2015-01-12,69.44,69.54,68.47,69.43,69.43,4267700
2015-01-13,70.11,70.23,67.71,68.0,68.0,5075200
2015-01-14,67.26,67.55,65.86,67.37,67.37,4910100
2015-01-15,67.51,68.05,66.07,66.41,66.41,8251000
2015-01-16,66.0,66.98,65.2,66.71,66.71,8718000
2015-01-20,66.88,67.37,65.91,67.25,67.25,3543700
2015-01-21,67.2,68.1,67.08,67.81,67.81,3633700
2015-01-22,68.28,70.58,67.83,70.25,70.25,9284800
2015-01-23,70.49,72.59,70.34,72.07,72.07,6166700
2015-01-26,72.11,72.34,69.52,70.36,70.36,8087700
2015-01-27,70.12,71.58,69.75,71.31,71.31,5788500
2015-01-28,71.7,71.7,69.82,69.96,69.96,3742000
2015-01-29,70.18,70.56,69.58,70.18,70.18,3851800
2015-01-30,70.05,72.13,69.77,71.1,71.1,6235200
2015-02-02,71.22,72.52,70.28,72.23,72.23,5047400
2015-02-03,72.23,74.5,72.03,74.39,74.39,4681300
2015-02-04,74.4,75.72,73.79,75.0,75.0,5403300
2015-02-05,75.13,76.73,74.98,75.92,75.92,4841000
2015-02-06,76.33,76.48,74.84,75.07,75.07,2369900
2015-02-09,74.63,75.45,74.47,74.9,74.9,2762000
2015-02-10,75.39,75.8,74.66,75.71,75.71,2830300
2015-02-11,75.52,76.94,75.33,76.66,76.66,4367000
2015-02-12,76.79,77.16,75.53,75.85,75.85,4294300
2015-02-13,75.89,76.91,75.23,76.82,76.82,2507900
2015-02-17,76.84,77.01,76.23,76.73,76.73,2299100
2015-02-18,76.86,77.11,76.47,77.02,77.02,2335000
2015-02-19,77.45,77.68,76.64,76.7,76.7,2250700
2015-02-20,76.7,77.87,76.16,77.69,77.69,2605400
2015-02-23,78.0,78.1,77.34,77.8,77.8,3389900
2015-02-24,78.0,78.0,77.35,77.47,77.47,2220400
2015-02-25,77.56,80.85,77.56,79.16,79.16,5617500
2015-02-26,78.79,79.5,78.42,79.04,79.04,2759300
2015-02-27,78.96,79.81,78.61,79.68,79.68,4148400
2015-03-02,79.5,80.25,79.29,79.92,79.92,3483600
2015-03-03,80.13,80.19,78.79,79.16,79.16,3445000
2015-03-04,79.12,79.34,78.72,78.84,78.84,2463100
2015-03-05,79.14,79.71,78.88,79.43,79.43,1884800
2015-03-06,79.26,80.14,79.01,79.61,79.61,2653500
2015-03-09,79.54,79.84,79.3,79.7,79.7,1962500
2015-03-10,79.18,79.7,78.88,79.61,79.61,2947400
2015-03-11,79.65,80.06,78.81,78.83,78.83,3492700
2015-03-12,80.1,81.21,79.62,80.89,80.89,3210600
2015-03-13,80.89,82.12,80.71,81.91,81.91,2479800
2015-03-16,82.27,83.73,82.05,83.71,83.71,3074100
2015-03-17,83.38,83.83,83.01,83.32,83.32,2829700
2015-03-18,83.29,84.21,82.91,83.7,83.7,2109500
2015-03-19,83.88,84.1,83.25,83.41,83.41,1414800
2015-03-20,83.91,84.22,83.37,83.81,83.81,2186200
2015-03-23,83.74,84.0,83.03,83.05,83.05,1536700
2015-03-24,81.17,83.57,81.17,82.83,82.83,1939700
2015-03-25,81.77,82.83,81.11,81.17,81.17,1932700
2015-03-26,80.71,81.47,80.29,81.02,81.02,2036400
2015-03-27,81.08,82.15,81.03,81.72,81.72,1573500
2015-03-30,82.0,82.49,81.46,81.81,81.81,1968600
2015-03-31,81.67,82.44,81.13,81.15,81.15,2372900
2015-04-01,81.33,81.57,80.25,81.3,81.3,3474700
2015-04-02,81.33,81.55,80.77,81.12,81.12,1796700
2015-04-06,80.36,81.78,80.16,80.98,80.98,2243300
2015-04-07,81.07,81.82,80.57,80.58,80.58,2076800
2015-04-08,81.32,83.53,80.51,83.53,83.53,2398400
2015-04-09,83.9,84.0,82.45,82.75,82.75,2590000
2015-04-10,82.71,83.19,82.5,82.87,82.87,1276200
2015-04-13,82.84,83.25,81.67,81.82,81.82,1279000
2015-04-14,81.62,82.16,80.99,81.05,81.05,1577900
2015-04-15,81.2,81.76,81.08,81.21,81.21,2254000
2015-04-16,81.2,81.48,80.75,81.03,81.03,2419900
2015-04-17,80.48,81.0,78.7,79.14,79.14,2281500
2015-04-20,79.79,79.79,78.75,79.71,79.71,1817200
2015-04-21,80.47,80.97,80.09,80.78,80.78,1505900
2015-04-22,80.67,80.95,80.11,80.57,80.57,2275200
2015-04-23,80.23,81.26,80.23,81.01,81.01,1156000
2015-04-24,81.14,81.38,80.45,81.14,81.14,1394500
2015-04-27,81.89,81.89,79.99,80.42,80.42,1859900
2015-04-28,80.21,80.46,79.55,79.97,79.97,1244900
2015-04-29,79.79,80.15,77.41,77.47,77.47,3176800
2015-04-30,77.32,77.8,76.14,76.41,76.41,3134200
2015-05-01,76.37,77.88,76.14,77.73,77.73,2096900
2015-05-04,77.73,77.81,76.83,77.31,77.31,2037900
2015-05-05,76.92,77.48,76.18,76.34,76.34,2098000
2015-05-06,76.38,77.32,76.1,77.15,77.15,1811900
2015-05-07,77.3,78.35,76.88,78.01,78.01,1804400
2015-05-08,78.61,79.75,78.42,79.18,79.18,1771800
2015-05-11,79.05,79.37,78.64,78.98,78.98,1879400
2015-05-12,78.61,79.68,78.44,79.21,79.21,1640700
2015-05-13,79.18,79.47,77.67,77.85,77.85,1917300
2015-05-14,78.15,78.4,76.82,76.97,76.97,2213300
2015-05-15,77.14,78.4,76.82,78.37,78.37,2279900
2015-05-18,78.43,78.52,77.66,78.42,78.42,1959300
2015-05-19,78.39,78.65,77.43,77.55,77.55,2138500
2015-05-20,77.66,77.7,76.03,76.26,76.26,3496900
2015-05-21,75.05,80.22,74.51,78.68,78.68,8598500
2015-05-22,78.25,78.49,76.97,77.18,77.18,3717700
2015-05-26,77.14,77.52,75.35,75.5,75.5,2928000
2015-05-27,75.72,76.54,75.54,76.34,76.34,1679500
2015-05-28,76.36,76.74,75.66,76.19,76.19,1640700
2015-05-29,75.92,76.31,74.86,74.99,74.99,2157900
2015-06-01,74.65,77.28,74.65,76.98,76.98,3103400
2015-06-02,76.59,78.47,76.34,77.69,77.69,3101400
2015-06-03,77.95,79.32,77.38,79.08,79.08,2693200
2015-06-04,78.48,79.86,77.89,78.83,78.83,2663400
2015-06-05,78.62,78.96,77.4,77.64,77.64,2244900
2015-06-08,77.5,77.91,77.06,77.11,77.11,1215600
2015-06-09,77.0,77.4,76.27,77.09,77.09,1702700
2015-06-10,77.41,78.31,76.93,78.23,78.23,1725600
2015-06-11,78.62,79.21,78.29,78.63,78.63,1644100
2015-06-12,78.45,79.44,78.37,78.77,78.77,1568000
2015-06-15,78.13,78.49,77.61,77.91,77.91,1335200
2015-06-16,77.37,78.75,77.37,78.55,78.55,1326900
2015-06-17,78.97,79.9,78.62,79.72,79.72,2124100
2015-06-18,79.96,81.13,79.96,80.31,80.31,1833400
2015-06-19,80.37,80.84,79.56,79.56,79.56,2181800
2015-06-22,80.08,80.68,79.95,80.64,80.64,1439500
2015-06-23,80.33,81.03,80.09,80.37,80.37,1414700
2015-06-24,80.4,80.98,80.17,80.57,80.57,1376800
2015-06-25,80.62,80.96,80.26,80.46,80.46,1404200
2015-06-26,80.77,81.71,80.48,81.66,81.66,2263700
2015-06-29,80.98,81.8,79.21,79.35,79.35,2259100
2015-06-30,80.2,80.79,78.28,78.99,78.99,2482400
2015-07-01,79.43,80.19,79.01,80.11,80.11,1809000
2015-07-02,80.11,80.58,79.51,79.81,79.81,2191300
2015-07-06,79.4,80.76,79.04,80.08,80.08,4568000
2015-07-07,80.42,80.6,78.5,80.34,80.34,3193900
2015-07-08,79.65,79.88,78.83,79.22,79.22,3353500
2015-07-09,79.73,79.84,78.62,78.98,78.98,2546300
2015-07-10,79.9,80.72,79.32,80.47,80.47,1454200
2015-07-13,81.15,82.17,80.9,82.11,82.11,1726100
2015-07-14,82.26,82.68,81.65,82.4,82.4,1920000
2015-07-15,82.47,82.55,81.33,81.8,81.8,1549400
2015-07-16,82.03,82.25,81.44,82.18,82.18,1400000
2015-07-17,82.02,82.54,81.42,81.67,81.67,1708000
2015-07-20,81.27,82.12,81.02,81.54,81.54,1173400
2015-07-21,81.61,81.74,79.76,79.82,79.82,2295400
2015-07-22,80.59,80.69,78.93,79.21,79.21,3175000
2015-07-23,79.16,79.26,78.0,78.24,78.24,2461800
2015-07-24,78.51,78.83,77.81,78.53,78.53,2304500
2015-07-27,78.37,78.57,77.39,77.74,77.74,1725700
2015-07-28,78.19,78.5,77.39,78.14,78.14,2198900
2015-07-29,77.93,78.49,77.3,77.59,77.59,2193700
2015-07-30,77.12,77.9,77.09,77.59,77.59,1814700
2015-07-31,76.66,78.25,76.4,78.03,78.03,1828700
2015-08-03,78.05,78.27,77.31,77.66,77.66,1331000
2015-08-04,77.77,78.61,77.6,77.8,77.8,1124300
2015-08-05,78.29,79.05,77.51,78.58,78.58,1662900
2015-08-06,79.09,79.26,77.41,77.6,77.6,2481700
2015-08-07,76.68,77.72,76.11,77.26,77.26,1654000
2015-08-10,78.0,78.41,77.71,78.11,78.11,1064400
2015-08-11,77.67,78.35,77.23,77.69,77.69,1815300
2015-08-12,76.84,77.43,75.86,77.32,77.32,1490200
2015-08-13,77.25,78.05,76.68,77.33,77.33,1778100
2015-08-14,77.67,77.99,77.13,77.78,77.78,1330200
2015-08-17,77.7,78.53,77.36,78.48,78.48,1143100
2015-08-18,78.62,79.52,78.33,79.37,79.37,1206800
2015-08-19,79.23,81.01,78.96,80.92,80.92,3015400
2015-08-20,80.04,81.17,79.87,80.38,80.38,2500400
2015-08-21,79.79,80.17,76.32,76.35,76.35,3970500
2015-08-24,71.89,76.33,69.63,73.71,73.71,4262200
2015-08-25,75.17,75.83,73.12,73.16,73.16,2551100
2015-08-26,74.8,77.44,73.8,77.34,77.34,2937400
2015-08-27,75.49,77.26,74.77,76.79,76.79,5421500
2015-08-28,76.59,77.39,76.21,76.73,76.73,2466200
2015-08-31,76.41,76.75,75.61,76.26,76.26,4764200
2015-09-01,72.39,72.75,69.0,69.65,69.65,12305800
2015-09-02,70.24,70.38,66.03,67.59,67.59,10340900
2015-09-03,67.53,67.87,66.29,67.0,67.0,6725300
2015-09-04,67.7,69.04,67.08,68.09,68.09,6332200
2015-09-08,69.32,69.47,67.73,68.79,68.79,3779900
2015-09-09,68.99,69.8,67.7,67.94,67.94,5054500
2015-09-10,66.66,66.92,65.71,66.06,66.06,5870600
2015-09-11,65.9,66.49,65.59,66.46,66.46,3683200
2015-09-14,66.12,66.53,65.22,65.34,65.34,2800000
2015-09-15,65.36,66.92,64.95,66.24,66.24,3262400
2015-09-16,66.25,67.92,66.02,67.71,67.71,2740800
2015-09-17,67.82,68.73,67.44,67.83,67.83,2686900
2015-09-18,67.14,67.73,66.57,66.65,66.65,6395700
2015-09-21,65.79,68.36,65.79,67.85,67.85,3892800
2015-09-22,67.4,69.36,67.01,69.18,69.18,5131100
2015-09-23,69.11,70.01,68.85,69.89,69.89,4459300
2015-09-24,69.49,69.68,68.39,69.25,69.25,2868500
2015-09-25,69.75,70.46,69.6,70.11,70.11,3275200
2015-09-28,69.58,69.96,68.39,68.7,68.7,3646600
2015-09-29,68.51,68.7,66.05,66.24,66.24,3661100
2015-09-30,67.13,67.24,66.05,66.66,66.66,4204300
2015-10-01,66.76,67.48,66.15,67.44,67.44,2400000
2015-10-02,66.6,66.97,64.73,66.95,66.95,4716400
2015-10-05,67.4,68.34,67.3,68.12,68.12,2667600
2015-10-06,67.69,68.04,64.54,65.19,65.19,5072500
2015-10-07,65.31,65.54,61.82,62.9,62.9,9087100
2015-10-08,62.62,62.84,61.23,62.08,62.08,6900700
2015-10-09,61.99,63.43,61.91,63.36,63.36,3810100
2015-10-12,63.28,63.28,62.48,63.05,63.05,1993100
2015-10-13,63.01,64.07,62.79,63.46,63.46,2971900
2015-10-14,63.76,64.19,60.31,61.38,61.38,6537900
2015-10-15,61.79,62.9,61.03,62.8,62.8,3383100
2015-10-16,62.91,63.78,62.71,63.46,63.46,2319400
2015-10-19,62.7,64.68,62.55,63.83,63.83,3106700
2015-10-20,63.83,64.28,63.4,64.12,64.12,2017900
2015-10-21,64.31,64.95,64.1,64.28,64.28,1858400
2015-10-22,64.43,65.07,64.12,64.8,64.8,2983500
2015-10-23,65.44,65.5,61.75,62.53,62.53,3769000
2015-10-26,62.58,63.84,62.58,63.68,63.68,2575000
2015-10-27,63.12,63.51,62.59,63.02,63.02,2718100
2015-10-28,63.41,64.11,62.64,63.96,63.96,1829300
2015-10-29,63.72,64.93,63.5,64.86,64.86,2022200
2015-10-30,65.0,65.77,64.61,65.49,65.49,2205700
2015-11-02,65.65,66.35,64.45,66.22,66.22,2539900
2015-11-03,66.59,69.05,66.5,67.55,67.55,3736800
2015-11-04,67.55,67.81,66.95,67.16,67.16,2031700
2015-11-05,67.39,67.8,66.68,67.71,67.71,1168300
2015-11-06,68.04,69.23,67.65,67.97,67.97,2773200
2015-11-09,67.71,67.73,66.33,67.61,67.61,1773700
2015-11-10,67.82,68.14,67.19,67.85,67.85,3000100
2015-11-11,68.09,68.29,65.73,66.5,66.5,3357000
2015-11-12,66.3,67.07,65.97,66.57,66.57,3050200
2015-11-13,66.04,66.38,61.97,62.21,62.21,6259200
2015-11-16,62.53,62.9,61.33,62.79,62.79,2831000
2015-11-17,63.76,65.5,63.1,64.23,64.23,3758100
2015-11-18,64.25,66.8,63.91,66.63,66.63,2915800
2015-11-19,66.91,67.6,66.56,67.16,67.16,2810700
2015-11-20,67.59,69.22,67.36,68.42,68.42,3313700
2015-11-23,68.92,69.82,68.11,69.55,69.55,6280900
2015-11-24,68.89,75.19,68.51,74.16,74.16,9935400
2015-11-25,74.5,76.0,74.21,74.93,74.93,3657400
2015-11-27,75.1,75.2,74.29,75.08,75.08,1466100
2015-11-30,75.2,75.72,73.86,75.46,75.46,4623800
2015-12-01,76.04,76.94,75.43,75.97,75.97,2766400
2015-12-02,76.32,76.58,75.82,76.04,76.04,1909000
2015-12-03,76.24,76.95,73.71,74.09,74.09,4583800
2015-12-04,75.35,77.9,74.37,77.24,77.24,4479000
2015-12-07,77.34,78.59,75.83,78.45,78.45,3982100
2015-12-08,77.96,80.04,77.73,79.48,79.48,3583000
2015-12-09,79.05,79.98,78.2,78.45,78.45,2442000
2015-12-10,77.96,78.88,77.32,77.81,77.81,2992800
2015-12-11,76.64,77.46,75.91,76.45,76.45,3702200
2015-12-14,76.67,78.09,76.29,77.71,77.71,2793900
2015-12-15,78.35,78.35,76.78,77.34,77.34,2859900
2015-12-16,77.82,79.17,76.92,78.86,78.86,2086700
2015-12-17,78.98,79.17,76.51,76.58,76.58,2592900
2015-12-18,75.92,76.42,74.66,76.09,76.09,3915600
2015-12-21,76.1,77.14,75.1,76.9,76.9,2376500
2015-12-22,77.33,78.17,76.41,77.86,77.86,2248100
2015-12-23,78.46,78.63,76.94,77.04,77.04,2039100
2015-12-24,77.08,77.47,76.61,76.68,76.68,809000
2015-12-28,76.58,77.44,76.16,77.24,77.24,1467800
2015-12-29,77.53,78.6,77.43,78.02,78.02,1323600
2015-12-30,78.16,78.36,77.44,77.62,77.62,933200
2015-12-31,77.43,78.22,77.14,77.22,77.22,1163300
2016-01-04,76.84,78.82,76.09,78.81,78.81,4555100
2016-01-05,79.27,80.78,79.24,79.98,79.98,4335400
2016-01-06,78.94,80.58,78.22,80.52,80.52,3572600
2016-01-07,79.25,81.44,78.32,78.45,78.45,4492000
2016-01-08,78.74,79.43,77.6,77.79,77.79,3362900
2016-01-11,78.22,78.38,76.29,77.36,77.36,3242700
2016-01-12,77.57,78.79,77.15,78.7,78.7,1827200
2016-01-13,78.83,78.83,75.34,75.48,75.48,3077600
2016-01-14,75.77,76.5,74.15,75.7,75.7,3533800
2016-01-15,73.56,75.67,73.56,75.3,75.3,3369700
2016-01-19,76.46,77.98,75.5,76.89,76.89,2517100
2016-01-20,76.0,76.73,73.74,76.03,76.03,2138800
2016-01-21,76.41,78.75,75.72,77.03,77.03,2664600
2016-01-22,78.5,78.5,76.56,77.26,77.26,2045000
2016-01-25,77.3,77.68,76.25,76.6,76.6,1676000
2016-01-26,76.64,78.09,76.13,77.69,77.69,2195600
2016-01-27,78.08,79.5,77.42,77.97,77.97,2758600
2016-01-28,79.12,79.35,77.42,78.91,78.91,1843600
2016-01-29,79.58,81.97,79.25,81.32,81.32,3372400
2016-02-01,81.21,82.22,79.96,81.98,81.98,3168300
2016-02-02,82.08,82.5,80.75,81.69,81.69,2306000
2016-02-03,82.01,82.76,78.86,79.59,79.59,2618500
2016-02-04,79.34,79.41,75.87,76.67,76.67,3754200
2016-02-05,76.65,78.11,75.14,76.56,76.56,4426900
2016-02-08,78.62,78.99,74.28,75.33,75.33,3197900
2016-02-09,75.21,76.9,74.7,75.24,75.24,2745000
2016-02-10,75.81,76.5,74.85,75.15,75.15,1856500
2016-02-11,73.12,74.92,72.52,73.43,73.43,3384400
2016-02-12,73.97,75.56,72.8,75.23,75.23,2254000
2016-02-16,79.81,79.99,76.25,78.55,78.55,3095700
2016-02-17,79.38,81.46,78.61,80.88,80.88,2971600
2016-02-18,79.73,80.52,77.23,79.29,79.29,4288900
2016-02-19,78.66,79.49,77.58,79.44,79.44,2740400
2016-02-22,80.49,81.72,80.2,81.67,81.67,3122900
2016-02-23,81.62,82.68,80.77,81.69,81.69,3515300
2016-02-24,81.44,81.83,79.85,81.65,81.65,3643300
2016-02-25,82.0,82.5,80.91,82.3,82.3,1914400
2016-02-26,82.25,82.36,81.37,81.63,81.63,1549300
2016-02-29,81.42,81.9,80.23,80.25,80.25,3847000
2016-03-01,79.5,82.81,77.75,82.03,82.03,8249800
2016-03-02,81.09,81.37,77.9,78.77,78.77,5891700
2016-03-03,78.4,78.75,76.47,77.45,77.45,4374800
2016-03-04,77.7,79.16,76.69,78.39,78.39,3247400
2016-03-07,77.73,78.27,76.47,76.82,76.82,2911400
2016-03-08,76.41,76.94,75.24,75.96,75.96,2627200
2016-03-09,76.21,77.37,75.97,76.73,76.73,2040900
2016-03-10,78.19,80.41,77.5,79.82,79.82,3974200
2016-03-11,80.26,80.73,79.31,80.02,80.02,2622400
2016-03-14,79.62,81.23,79.16,80.96,80.96,1940000
2016-03-15,80.34,82.08,80.23,81.18,81.18,1975200
2016-03-16,81.05,81.61,80.22,81.43,81.43,1948100
2016-03-17,81.05,81.41,80.16,80.42,80.42,1901300
2016-03-18,80.77,81.16,79.75,80.02,80.02,2509200
2016-03-21,79.95,80.83,79.53,80.46,80.46,1584800
2016-03-22,80.24,80.49,78.85,79.01,79.01,1577300
2016-03-23,79.1,79.91,78.71,78.96,78.96,1247000
2016-03-24,78.85,79.26,78.22,78.52,78.52,1303500
2016-03-28,78.52,81.29,78.52,80.84,80.84,2095800
2016-03-29,81.12,81.94,80.13,81.35,81.35,1513800
2016-03-30,81.42,83.59,81.11,83.2,83.2,2683100
2016-03-31,83.25,83.55,81.84,82.46,82.46,2180500
2016-04-01,82.26,83.72,82.0,83.31,83.31,2031600
2016-04-04,83.47,83.68,81.34,82.54,82.54,2050700
2016-04-05,81.73,81.79,80.17,80.4,80.4,2359300
2016-04-06,80.37,81.19,79.82,80.96,80.96,1802000
2016-04-07,80.3,80.95,79.58,80.64,80.64,2721200
2016-04-08,80.94,80.98,79.42,79.66,79.66,1483400
2016-04-11,79.53,80.44,78.87,78.91,78.91,1145800
2016-04-12,78.84,80.36,77.64,80.16,80.16,1563900
2016-04-13,80.41,80.59,79.57,80.43,80.43,1568600
2016-04-14,80.37,80.75,79.69,80.25,80.25,1015000
2016-04-15,80.29,81.88,79.9,81.75,81.75,1828200
2016-04-18,81.67,82.64,81.33,82.56,82.56,1631200
2016-04-19,82.55,83.69,81.96,82.72,82.72,1866800
2016-04-20,82.69,82.9,81.15,81.82,81.82,1591400
2016-04-21,81.83,82.56,81.63,81.9,81.9,1003800
2016-04-22,81.84,81.95,79.46,80.95,80.95,1620800
2016-04-25,80.93,81.18,80.38,80.92,80.92,1348100
2016-04-26,81.09,82.1,80.81,82.05,82.05,1607100
2016-04-27,81.96,82.31,81.24,82.07,82.07,1175600
2016-04-28,81.63,81.98,79.87,80.07,80.07,1439600
2016-04-29,79.44,79.93,78.26,79.71,79.71,2140000
2016-05-02,80.06,81.13,79.9,80.88,80.88,1398300
2016-05-03,80.46,81.08,79.75,80.61,80.61,1123000
2016-05-04,80.03,81.05,79.64,80.61,80.61,1055900
2016-05-05,80.61,81.5,80.33,80.62,80.62,1882800
2016-05-06,80.31,81.23,79.11,81.19,81.19,1208200
2016-05-09,81.49,82.44,81.06,82.11,82.11,1892300
2016-05-10,82.05,82.24,81.29,81.69,81.69,1268200
2016-05-11,80.85,80.95,78.86,79.03,79.03,2183700
2016-05-12,79.55,80.87,79.08,80.29,80.29,1800300
2016-05-13,79.43,80.26,77.42,77.63,77.63,3047300
2016-05-16,77.78,80.39,77.13,80.03,80.03,2534500
2016-05-17,79.08,79.57,77.08,77.51,77.51,2619900
2016-05-18,76.13,76.46,73.02,75.33,75.33,4548200
2016-05-19,76.3,77.1,75.65,76.91,76.91,3338800
2016-05-20,76.86,77.19,75.56,76.89,76.89,2992800
2016-05-23,77.11,77.4,75.49,75.56,75.56,2356000
2016-05-24,75.97,78.0,75.69,77.53,77.53,2973400
2016-05-25,77.7,78.98,77.55,78.36,78.36,3349900
2016-05-26,85.49,89.16,84.8,88.37,88.37,11666200
2016-05-27,88.97,89.59,87.38,88.94,88.94,5879900
2016-05-31,89.39,90.86,88.71,90.54,90.54,5592300
2016-06-01,90.54,91.0,89.79,90.81,90.81,2823000
2016-06-02,90.96,91.77,90.12,91.05,91.05,2313600
2016-06-03,90.91,91.91,90.76,91.08,91.08,1877100
2016-06-06,91.48,91.48,90.19,90.62,90.62,1305200
2016-06-07,90.43,92.12,90.43,91.25,91.25,1412300
2016-06-08,91.19,91.63,90.79,91.57,91.57,1817000
2016-06-09,91.48,92.17,91.03,91.97,91.97,1210300
2016-06-10,91.41,91.81,90.88,91.34,91.34,1017000
2016-06-13,91.2,91.57,90.04,90.17,90.17,1504700
2016-06-14,90.04,90.46,89.28,90.05,90.05,2182600
2016-06-15,90.49,91.78,90.04,91.05,91.05,1562000
2016-06-16,90.7,91.89,90.34,91.84,91.84,1693100
2016-06-17,91.75,91.97,91.16,91.58,91.58,2798200
2016-06-20,92.33,92.97,92.14,92.48,92.48,2557100
2016-06-21,92.31,93.33,92.18,92.63,92.63,1576200
2016-06-22,92.48,92.69,91.71,91.92,91.92,1591900
2016-06-23,92.46,92.78,91.66,92.38,92.38,2162300
2016-06-24,90.23,93.06,90.23,91.89,91.89,2566200
2016-06-27,91.46,92.79,90.86,92.56,92.56,2549700
2016-06-28,93.25,93.35,91.51,92.31,92.31,2125000
2016-06-29,92.6,94.85,92.6,94.42,94.42,1779100
2016-06-30,94.79,94.82,93.55,94.24,94.24,1791100
2016-07-01,94.69,94.69,93.67,93.78,93.78,1443000
2016-07-05,93.63,95.23,93.59,94.98,94.98,1825900
2016-07-06,94.96,95.28,94.0,94.86,94.86,1646200
2016-07-07,94.63,94.85,93.7,94.63,94.63,1005600
2016-07-08,95.45,96.0,94.75,95.08,95.08,2078900
2016-07-11,95.18,95.66,94.85,94.87,94.87,1082300
2016-07-12,95.06,95.35,94.33,94.44,94.44,1405600
2016-07-13,94.68,95.09,94.24,94.36,94.36,872400
2016-07-14,95.0,95.52,94.53,95.0,95.0,1444800
2016-07-15,95.69,95.69,94.3,94.34,94.34,1501200
2016-07-18,94.58,96.27,94.58,95.73,95.73,1753700
2016-07-19,95.0,95.54,94.9,95.36,95.36,1194800
2016-07-20,95.79,96.05,94.99,95.45,95.45,1507500
2016-07-21,95.01,95.56,93.97,94.66,94.66,1202400
2016-07-22,95.06,96.14,94.67,96.13,96.13,1687800
2016-07-25,95.87,96.45,95.81,96.39,96.39,954500
2016-07-26,96.45,97.45,96.25,96.65,96.65,1164300
2016-07-27,96.73,96.76,95.27,95.72,95.72,1386000
2016-07-28,95.32,96.27,94.68,96.12,96.12,1263300
2016-07-29,96.27,96.55,95.64,96.29,96.29,988800
2016-08-01,97.48,97.84,96.5,97.1,97.1,1505300
2016-08-02,97.15,97.41,95.71,96.23,96.23,1843800
2016-08-03,95.88,96.77,95.02,96.77,96.77,1312300
2016-08-04,96.78,97.44,95.72,96.07,96.07,1518800
2016-08-05,96.41,97.38,96.16,97.02,97.02,1187400
2016-08-08,96.97,97.03,95.61,95.9,95.9,1079600
2016-08-09,95.79,96.14,95.03,95.95,95.95,913800
2016-08-10,96.39,99.0,96.11,98.12,98.12,2243700
2016-08-11,99.0,99.93,97.07,97.37,97.37,1899700
2016-08-12,96.96,97.39,96.0,96.28,96.28,1877900
2016-08-15,96.35,96.95,95.67,96.26,96.26,2245000
2016-08-16,95.69,96.2,94.81,95.51,95.51,1539500
2016-08-17,94.94,96.13,94.63,95.49,95.49,1741200
2016-08-18,95.72,96.01,95.09,95.86,95.86,1209500
2016-08-19,95.82,96.4,95.0,95.57,95.57,1217000
2016-08-22,95.32,95.93,95.06,95.76,95.76,1249100
2016-08-23,96.02,96.35,95.26,95.51,95.51,2104600
2016-08-24,95.82,96.0,94.06,94.93,94.93,3555500
2016-08-25,88.0,89.58,85.38,85.5,85.5,15534000
2016-08-26,85.14,86.49,84.57,85.5,85.5,5463600
2016-08-29,85.75,86.32,85.15,85.53,85.53,3851100
2016-08-30,85.35,85.35,83.46,84.11,84.11,4273900
2016-08-31,83.76,84.16,82.13,82.7,82.7,4208000
2016-09-01,82.39,83.75,82.21,83.18,83.18,2938600
2016-09-02,83.11,83.83,82.55,83.11,83.11,1821000
2016-09-06,83.56,83.75,82.71,83.28,83.28,2850600
2016-09-07,83.01,83.02,81.74,82.5,82.5,2778400
2016-09-08,82.55,82.55,81.4,81.84,81.84,3201200
2016-09-09,81.51,82.37,81.43,81.63,81.63,4647200
2016-09-12,81.34,82.68,81.25,82.38,82.38,2707800
2016-09-13,81.73,82.1,79.66,80.18,80.18,3912100
2016-09-14,80.48,82.0,80.48,81.45,81.45,3596000
2016-09-15,81.14,82.1,80.89,81.99,81.99,2202100
2016-09-16,81.47,81.62,80.53,81.1,81.1,3212000
2016-09-19,81.27,81.55,80.15,80.22,80.22,2259100
2016-09-20,80.33,80.57,79.3,79.7,79.7,2762600
2016-09-21,79.98,80.36,79.03,79.89,79.89,1896900
2016-09-22,80.43,80.81,78.65,80.07,80.07,3435900
2016-09-23,79.53,80.76,79.06,80.09,80.09,2674500
2016-09-26,79.61,80.28,79.26,80.0,80.0,2153300
2016-09-27,79.27,80.59,78.27,80.46,80.46,2882700
2016-09-28,80.65,80.65,79.1,79.4,79.4,2444800
2016-09-29,79.26,79.3,77.34,77.36,77.36,3577500
2016-09-30,77.47,79.32,77.28,78.93,78.93,4125000
2016-10-03,78.46,79.89,78.33,79.53,79.53,2423200
2016-10-04,77.84,78.0,76.05,76.43,76.43,4757900
2016-10-05,76.5,76.63,74.52,75.12,75.12,4947500
2016-10-06,75.45,78.31,75.13,78.09,78.09,5663900
2016-10-07,78.55,78.83,77.58,77.97,77.97,1782900
2016-10-10,78.09,78.56,77.77,77.92,77.92,1476300
2016-10-11,77.56,77.91,77.0,77.24,77.24,2467100
2016-10-12,77.38,78.06,77.01,77.47,77.47,1093800
2016-10-13,77.15,78.8,76.99,78.23,78.23,2191100
2016-10-14,78.26,78.26,77.09,77.09,77.09,1565200
2016-10-17,77.0,77.36,76.38,76.44,76.44,1299500
2016-10-18,76.84,77.53,76.25,76.25,76.25,2093900
2016-10-19,76.61,77.03,75.94,76.76,76.76,1634000
2016-10-20,77.03,77.04,75.83,75.87,75.87,1664700
2016-10-21,75.33,76.34,75.33,75.71,75.71,2182400
2016-10-24,75.74,76.31,75.72,75.97,75.97,1718700
2016-10-25,75.6,76.13,75.36,75.82,75.82,1649300
2016-10-26,75.75,77.33,75.6,76.8,76.8,2343400
2016-10-27,76.71,76.81,74.44,74.45,74.45,2333000
2016-10-28,74.37,75.81,74.36,75.21,75.21,1594500
2016-10-31,75.52,75.95,75.28,75.55,75.55,1397200
2016-11-01,75.76,75.97,74.58,74.88,74.88,1406200
2016-11-02,75.06,75.72,74.86,75.36,75.36,1111800
2016-11-03,75.29,75.72,73.84,74.07,74.07,1179100
2016-11-04,73.64,74.91,73.57,73.62,73.62,1420800
2016-11-07,74.76,75.89,74.14,75.54,75.54,1870200
2016-11-08,75.67,76.05,75.0,75.81,75.81,2009900
2016-11-09,72.68,76.19,72.55,76.04,76.04,3493400
2016-11-10,76.47,78.0,76.16,77.2,77.2,3320100
2016-11-11,77.05,78.73,76.93,77.81,77.81,1962600
2016-11-14,78.34,79.51,77.61,78.34,78.34,2883100
2016-11-15,78.69,79.25,77.97,79.17,79.17,2924700
2016-11-16,79.87,81.34,79.65,80.54,80.54,3806100
2016-11-17,79.82,81.93,79.73,81.65,81.65,3448200
2016-11-18,81.53,82.14,80.68,81.91,81.91,3646800
2016-11-21,81.97,83.13,80.88,81.99,81.99,6768600
2016-11-22,88.33,91.41,87.6,88.68,88.68,12815000
2016-11-23,88.66,89.89,87.51,88.86,88.86,4022200
2016-11-25,88.51,89.54,88.4,89.18,89.18,1083100
2016-11-28,88.7,90.17,88.25,89.58,89.58,3331700
2016-11-29,89.98,90.61,89.29,89.67,89.67,3036000
2016-11-30,89.29,89.96,88.04,88.16,88.16,4231600
2016-12-01,86.79,88.07,86.09,86.57,86.57,4337000
2016-12-02,86.82,88.51,86.05,87.76,87.76,2110600
2016-12-05,88.42,88.76,87.04,88.2,88.2,3475000
2016-12-06,88.96,88.98,87.54,87.93,87.93,2280400
2016-12-07,87.4,88.22,87.03,87.84,87.84,3799200
2016-12-08,87.84,87.88,86.72,87.12,87.12,3240000
2016-12-09,87.02,88.13,86.55,87.76,87.76,1677800
2016-12-12,87.56,87.94,86.06,86.09,86.09,2258800
2016-12-13,86.17,86.81,85.41,86.16,86.16,2276600
2016-12-14,86.4,86.62,84.62,84.72,84.72,3104000
2016-12-15,84.83,86.11,84.32,85.7,85.7,2215000
2016-12-16,85.61,85.85,84.04,84.2,84.2,3874800
2016-12-19,84.2,85.33,83.81,84.27,84.27,1758700
2016-12-20,84.42,85.83,84.35,85.09,85.09,1351700
2016-12-21,84.68,85.05,83.28,84.06,84.06,1751000
2016-12-22,84.02,84.02,78.94,79.31,79.31,5691400
2016-12-23,79.46,80.21,78.38,78.7,78.7,2274100
2016-12-27,78.97,79.74,74.92,78.12,78.12,2426800
2016-12-28,78.54,79.17,77.4,77.67,77.67,1676700
2016-12-29,77.65,78.08,76.81,77.34,77.34,1846600
2016-12-30,77.57,77.72,76.42,77.18,77.18,1688500
2017-01-03,77.57,78.14,76.42,77.45,77.45,2587900
2017-01-04,77.52,80.23,77.52,79.45,79.45,3259700
2017-01-05,78.42,79.58,77.59,78.06,78.06,2832000
2017-01-06,78.17,78.44,76.94,77.09,77.09,3104600
2017-01-09,76.74,77.36,76.66,77.14,77.14,2074900
2017-01-10,77.05,78.4,76.75,77.96,77.96,2380300
2017-01-11,77.7,78.4,77.44,77.81,77.81,1488400
2017-01-12,77.81,77.81,76.92,77.53,77.53,1710200
2017-01-13,77.49,77.71,76.88,77.13,77.13,1746100
2017-01-17,77.77,81.92,77.24,79.51,79.51,5074400
2017-01-18,78.51,79.12,76.4,77.31,77.31,4281100
2017-01-19,77.23,77.49,76.05,76.26,76.26,2032300
2017-01-20,76.69,77.04,75.6,76.56,76.56,2029700
2017-01-23,76.58,76.72,75.29,75.55,75.55,1692200
2017-01-24,75.54,76.95,75.54,76.88,76.88,1647300
2017-01-25,77.41,77.82,76.62,76.89,76.89,1645500
2017-01-26,76.66,77.23,76.0,76.17,76.17,1876300
2017-01-27,76.34,76.49,73.92,74.05,74.05,2910300
2017-01-30,73.49,75.46,72.89,75.25,75.25,2502400
2017-01-31,74.8,77.22,74.37,77.19,77.19,3624400
2017-02-01,77.01,77.4,76.04,76.39,76.39,1854000
2017-02-02,76.76,78.62,76.44,77.2,77.2,3053600
2017-02-03,77.08,78.15,76.56,76.69,76.69,1775100
2017-02-06,76.71,76.85,74.96,75.12,75.12,3000300
2017-02-07,74.5,75.41,74.47,75.21,75.21,1594500
2017-02-08,75.35,76.88,75.22,76.66,76.66,2671700
2017-02-09,79.12,79.85,76.57,79.39,79.39,4518800
2017-02-10,79.73,79.9,77.93,78.02,78.02,3502600
2017-02-13,78.43,78.54,77.13,77.7,77.7,1594000
2017-02-14,77.5,79.9,77.5,79.8,79.8,2741700
2017-02-15,79.4,79.99,78.35,78.74,78.74,2136100
2017-02-16,78.7,79.55,77.51,78.0,78.0,1780000
2017-02-17,77.93,80.2,77.67,80.0,80.0,2606900
2017-02-21,80.5,82.25,79.22,79.76,79.76,2726300
2017-02-22,80.17,80.2,78.3,78.54,78.54,2371400
2017-02-23,78.74,78.92,76.93,77.57,77.57,3964400
2017-02-24,77.67,81.24,77.03,79.41,79.41,5727600
2017-02-27,79.7,79.98,78.41,79.56,79.56,4420600
2017-02-28,78.54,78.54,76.14,76.68,76.68,5087000
2017-03-01,78.97,82.1,74.74,76.84,76.84,10685700
2017-03-02,76.91,79.67,76.66,77.74,77.74,5808700
2017-03-03,77.47,78.0,76.53,77.13,77.13,2899400
2017-03-06,77.0,77.15,75.64,75.93,75.93,2299600
2017-03-07,75.73,76.43,75.04,75.22,75.22,2699200
2017-03-08,75.34,76.0,75.01,75.6,75.6,2508700
2017-03-09,75.61,75.94,75.1,75.53,75.53,2000200
2017-03-10,75.83,76.19,75.0,75.06,75.06,2570600
2017-03-13,75.1,75.12,73.81,74.58,74.58,3005300
2017-03-14,74.68,75.14,73.82,74.19,74.19,2069300
2017-03-15,74.11,74.72,73.45,74.56,74.56,2576300
2017-03-16,74.0,76.13,73.68,75.53,75.53,3594100
2017-03-17,76.48,76.48,74.91,75.7,75.7,3151000
2017-03-20,75.79,75.84,74.01,74.3,74.3,3554300
2017-03-21,74.72,74.9,72.91,73.44,73.44,3119100
2017-03-22,73.58,74.17,73.0,73.98,73.98,1920000
2017-03-23,74.64,75.2,74.06,74.38,74.38,2049200
2017-03-24,74.51,75.45,73.95,74.92,74.92,1892200
2017-03-27,74.89,76.57,74.56,76.13,76.13,3059300
2017-03-28,75.83,76.78,75.81,76.55,76.55,2561000
2017-03-29,76.32,78.87,76.22,78.51,78.51,4465100
2017-03-30,78.21,79.51,78.03,79.44,79.44,2889900
2017-03-31,79.28,79.88,78.44,78.46,78.46,2628300
2017-04-03,78.46,78.89,77.22,77.72,77.72,2415300
2017-04-04,77.76,77.96,76.9,77.67,77.67,2185800
2017-04-05,77.68,78.63,76.98,77.05,77.05,2228500
2017-04-06,77.06,79.07,77.02,78.05,78.05,3254400
2017-04-07,78.05,78.21,77.43,77.61,77.61,2066300
2017-04-10,77.67,78.65,77.42,77.74,77.74,1551600
2017-04-11,77.68,77.75,76.41,77.08,77.08,2283400
2017-04-12,76.8,77.52,76.54,77.14,77.14,1939100
2017-04-13,77.19,77.6,76.45,76.46,76.46,1851800
2017-04-17,76.67,76.94,76.17,76.83,76.83,1806300
2017-04-18,76.73,77.81,76.53,77.43,77.43,2173100
2017-04-19,77.81,78.9,77.49,78.02,78.02,2262800
2017-04-20,78.45,80.51,78.45,79.57,79.57,4098600
2017-04-21,79.73,79.79,78.68,78.81,78.81,2285000
2017-04-24,80.02,80.5,79.45,79.79,79.79,2245100
2017-04-25,80.28,80.82,79.37,80.69,80.69,1942600
2017-04-26,81.0,82.42,80.69,81.73,81.73,2962600
2017-04-27,81.73,83.14,81.49,83.13,83.13,3065500
2017-04-28,82.98,83.21,82.23,82.77,82.77,2393300
2017-05-01,83.07,83.21,80.66,80.75,80.75,3631400
2017-05-02,80.75,82.1,80.5,81.7,81.7,3348400
2017-05-03,81.73,82.39,81.41,81.92,81.92,2472900
2017-05-04,82.1,82.56,81.7,81.96,81.96,2386500
2017-05-05,82.38,82.68,81.65,82.0,82.0,1543500
2017-05-08,82.13,82.37,81.69,82.29,82.29,1279100
2017-05-09,82.46,83.48,82.33,82.78,82.78,1870900
2017-05-10,82.53,83.33,82.33,83.02,83.02,1217200
2017-05-11,82.35,83.04,81.15,81.49,81.49,1395900
2017-05-12,81.31,81.35,80.33,81.29,81.29,1633700
2017-05-15,81.5,82.05,80.78,80.94,80.94,1595700
2017-05-16,80.78,81.13,78.88,79.1,79.1,2625700
2017-05-17,79.16,79.6,77.66,78.08,78.08,2763800
2017-05-18,78.34,79.45,77.83,79.0,79.0,1856300
2017-05-19,78.97,80.0,78.32,79.68,79.68,2163100
2017-05-22,79.62,81.1,79.35,80.92,80.92,2126700
2017-05-23,80.85,80.91,78.59,78.85,78.85,3588300
2017-05-24,78.86,79.14,76.72,78.08,78.08,4996500
2017-05-25,76.02,81.0,76.0,78.8,78.8,6420400
2017-05-26,79.15,80.46,77.71,78.28,78.28,2181500
2017-05-30,78.08,78.99,77.82,78.17,78.17,1980200
2017-05-31,78.27,78.38,76.43,77.7,77.7,3429300
2017-06-01,78.03,80.58,78.01,80.56,80.56,3957000
2017-06-02,80.49,80.93,79.85,80.43,80.43,1892800
2017-06-05,80.15,80.34,78.49,79.28,79.28,2324600
2017-06-06,78.61,78.61,76.25,76.88,76.88,4195900
2017-06-07,77.33,77.33,75.0,75.41,75.41,7290800
2017-06-08,75.79,77.09,74.66,74.84,74.84,2854000
2017-06-09,74.85,75.88,74.4,75.38,75.38,2248400
2017-06-12,75.43,76.77,74.95,75.35,75.35,2024900
2017-06-13,75.27,75.88,74.87,75.5,75.5,1416800
2017-06-14,75.52,75.85,74.69,75.27,75.27,2710700
2017-06-15,74.82,75.58,72.34,72.73,72.73,3957000
2017-06-16,69.67,70.63,65.63,70.07,70.07,11305400
2017-06-19,70.53,71.0,69.44,70.55,70.55,4429700
2017-06-20,70.62,70.69,68.73,68.94,68.94,3495700
2017-06-21,69.04,69.88,67.6,68.05,68.05,4000700
2017-06-22,68.1,68.54,67.61,67.68,67.68,2883300
2017-06-23,67.35,67.67,66.17,66.6,66.6,5430900
2017-06-26,66.81,68.53,66.53,68.49,68.49,6205500
2017-06-27,68.3,70.3,68.25,69.22,69.22,6544000
2017-06-28,70.48,70.81,69.37,69.97,69.97,4040200
2017-06-29,69.83,70.42,69.34,69.73,69.73,2802800
2017-06-30,70.01,70.41,69.23,69.92,69.92,2816900
2017-07-03,70.03,70.66,69.34,69.89,69.89,928400
2017-07-05,69.96,70.06,67.71,68.21,68.21,4280200
2017-07-06,68.06,68.29,67.55,67.93,67.93,2797900
2017-07-07,68.0,68.69,67.67,67.98,67.98,1792100
2017-07-10,67.9,68.02,66.01,66.39,66.39,3101800
2017-07-11,66.53,67.42,66.39,66.87,66.87,2789500
2017-07-12,67.35,68.07,67.0,67.4,67.4,1498100
2017-07-13,68.05,68.92,67.85,68.57,68.57,2882900
2017-07-14,68.79,69.15,68.2,69.11,69.11,2385600
2017-07-17,69.11,70.88,69.11,69.87,69.87,2537100
2017-07-18,69.87,70.01,68.82,69.28,69.28,1673000
2017-07-19,69.53,70.39,69.31,70.35,70.35,2247000
2017-07-20,70.6,71.15,70.09,70.77,70.77,3045200
2017-07-21,70.62,71.36,70.52,70.89,70.89,2686100
2017-07-24,70.6,70.6,68.66,69.28,69.28,2776300
2017-07-25,69.38,71.02,69.17,70.59,70.59,1996800
2017-07-26,70.3,71.0,69.54,70.92,70.92,1654100
2017-07-27,70.97,72.42,70.37,72.24,72.24,3007500
2017-07-28,71.92,72.38,71.17,71.8,71.8,1750900
2017-07-31,72.0,72.33,71.19,72.08,72.08,1408200
2017-08-01,72.1,73.14,71.79,73.01,73.01,2573700
2017-08-02,72.74,73.37,72.23,72.97,72.97,2195500
2017-08-03,73.12,74.3,73.08,73.53,73.53,2511000
2017-08-04,73.77,74.21,73.23,74.11,74.11,1922400
2017-08-07,74.57,75.92,74.51,75.53,75.53,3729300
2017-08-08,75.53,76.06,75.32,75.75,75.75,2406200
2017-08-09,75.14,75.57,74.42,74.92,74.92,2815900
2017-08-10,74.26,74.29,72.78,73.08,73.08,2679000
2017-08-11,73.01,73.89,72.85,73.5,73.5,1789600
2017-08-14,74.14,75.7,73.95,74.62,74.62,3403900
2017-08-15,74.57,74.89,73.31,73.44,73.44,3203900
2017-08-16,74.26,75.04,74.22,74.44,74.44,4286300
2017-08-17,74.03,74.81,73.2,74.34,74.34,2393500
2017-08-18,74.24,74.87,74.2,74.25,74.25,2128100
2017-08-21,74.22,74.67,73.74,74.25,74.25,2500300
2017-08-22,74.51,75.43,74.51,74.95,74.95,1771300
2017-08-23,74.63,74.95,73.86,74.32,74.32,4428800
2017-08-24,82.21,82.26,77.57,78.5,78.5,13435900
2017-08-25,79.88,80.78,77.92,80.39,80.39,4449500
2017-08-28,80.78,81.5,80.21,80.38,80.38,2475000
2017-08-29,79.59,80.3,79.43,79.7,79.7,3087300
2017-08-30,79.76,80.16,79.34,79.72,79.72,2771300
2017-08-31,79.23,80.23,78.32,79.64,79.64,3672900
2017-09-01,79.79,81.29,79.66,81.06,81.06,3235900
2017-09-05,81.41,83.32,81.37,82.49,82.49,3278000
2017-09-06,82.47,83.29,82.23,82.73,82.73,2467700
2017-09-07,82.85,83.49,82.67,83.23,83.23,2073700
2017-09-08,83.35,83.95,81.71,82.83,82.83,2707700
2017-09-11,83.14,83.51,82.2,83.4,83.4,2790900
2017-09-12,83.32,84.56,83.16,83.98,83.98,1655800
2017-09-13,83.97,84.9,83.66,84.41,84.41,2076400
2017-09-14,84.14,84.4,83.13,83.46,83.46,1807200
2017-09-15,83.59,84.31,83.0,83.48,83.48,2757300
2017-09-18,83.45,84.56,83.05,83.19,83.19,1670900
2017-09-19,83.09,83.55,82.36,83.43,83.43,2252500
2017-09-20,83.44,83.96,82.29,83.42,83.42,1783600
2017-09-21,83.44,83.54,82.4,83.14,83.14,1170500
2017-09-22,83.12,84.8,83.04,84.62,84.62,2232300
2017-09-25,84.08,86.02,84.08,84.99,84.99,1985800
2017-09-26,85.21,86.05,84.75,84.89,84.89,1535700
2017-09-27,85.27,86.22,84.37,85.67,85.67,1751300
2017-09-28,85.15,85.82,84.65,85.68,85.68,1761300
2017-09-29,85.68,87.19,85.68,86.82,86.82,1819900
2017-10-02,86.6,86.92,86.18,86.47,86.47,1617800
2017-10-03,86.75,87.37,86.36,86.82,86.82,1497900
2017-10-04,88.0,89.77,87.62,89.05,89.05,3783500
2017-10-05,89.04,89.9,88.63,89.15,89.15,2074300
2017-10-06,88.64,89.5,88.34,89.42,89.42,2524400
2017-10-09,89.61,89.61,87.92,88.37,88.37,1834900
2017-10-10,88.56,90.51,88.5,89.3,89.3,1861400
2017-10-11,89.2,91.39,89.13,91.23,91.23,2660700
2017-10-12,91.23,91.5,89.95,91.37,91.37,2185300
2017-10-13,90.16,92.15,89.94,91.5,91.5,2058100
2017-10-16,91.06,92.05,91.06,91.95,91.95,1837800
2017-10-17,91.7,92.22,91.15,91.53,91.53,1167100
2017-10-18,91.45,92.05,91.26,91.47,91.47,1476100
2017-10-19,91.4,91.93,90.8,91.41,91.41,1222300
2017-10-20,91.95,92.55,91.58,92.37,92.37,1971500
2017-10-23,92.38,93.68,91.58,91.72,91.72,1579100
2017-10-24,91.61,92.31,91.13,91.78,91.78,2523100
2017-10-25,91.5,91.9,91.06,91.61,91.61,1159900
2017-10-26,92.12,93.34,91.78,93.23,93.23,1638700
2017-10-27,92.02,93.33,90.85,93.21,93.21,2192000
2017-10-30,92.52,92.92,90.3,91.44,91.44,2234400
2017-10-31,91.63,92.21,91.05,91.25,91.25,1383800
2017-11-01,91.6,92.06,90.34,91.12,91.12,1750000
2017-11-02,91.2,94.8,90.89,92.55,92.55,2194200
2017-11-03,93.28,94.49,92.82,93.75,93.75,2538300
2017-11-06,93.48,93.74,92.34,93.39,93.39,1334900
2017-11-07,93.47,93.78,92.48,93.62,93.62,1474800
2017-11-08,93.32,94.66,93.1,93.9,93.9,1193800
2017-11-09,93.35,95.09,93.35,94.38,94.38,1713600
2017-11-10,94.14,95.64,93.92,95.06,95.06,2995700
2017-11-13,94.71,95.46,92.98,93.69,93.69,1738500
2017-11-14,93.48,93.57,92.3,93.45,93.45,2054600
2017-11-15,92.83,93.76,91.31,93.09,93.09,1998800
2017-11-16,93.56,94.98,93.15,94.63,94.63,2135700
2017-11-17,94.79,95.22,93.99,94.61,94.61,1945100
2017-11-20,95.12,97.24,94.71,97.11,97.11,5270700
2017-11-21,100.15,100.54,95.44,99.46,99.46,7828500
2017-11-22,99.23,100.74,98.99,99.77,99.77,3054300
2017-11-24,99.7,99.7,98.03,98.38,98.38,1741600
2017-11-27,98.32,98.98,97.7,98.2,98.2,2517800
2017-11-28,98.39,101.09,98.38,100.94,100.94,2464100
2017-11-29,101.31,104.4,101.01,104.14,104.14,3309900
2017-11-30,104.15,105.14,102.65,102.76,102.76,4236600
2017-12-01,101.82,103.91,100.65,103.01,103.01,2461900
2017-12-04,104.49,107.11,104.41,106.37,106.37,2678300
2017-12-05,106.26,106.94,104.78,105.89,105.89,2015200
2017-12-06,106.19,106.52,105.17,105.52,105.52,2083900
2017-12-07,107.93,108.07,106.14,107.31,107.31,2668000
2017-12-08,107.58,108.9,107.17,108.67,108.67,2450900
2017-12-11,108.67,108.69,105.45,107.07,107.07,2465600
2017-12-12,107.58,109.0,106.1,106.22,106.22,2480700
2017-12-13,106.0,106.55,105.25,105.59,105.59,2185200
2017-12-14,106.15,106.78,104.0,104.65,104.65,1969700
2017-12-15,105.21,107.27,104.26,106.29,106.29,3283800
2017-12-18,107.06,109.5,106.45,109.1,109.1,2483300
2017-12-19,109.52,110.86,108.51,109.17,109.17,1814700
2017-12-20,109.63,110.75,108.31,108.92,108.92,1607400
2017-12-21,109.32,109.63,108.32,108.47,108.47,2052900
2017-12-22,108.45,109.74,107.79,109.46,109.46,1447500
2017-12-26,109.58,110.69,108.2,108.5,108.5,1180500
2017-12-27,108.5,108.77,107.12,107.49,107.49,1768900
2017-12-28,108.0,108.41,107.45,108.07,108.07,1259900
2017-12-29,107.86,108.7,107.27,107.31,107.31,1370900
2018-01-02,107.99,109.21,107.99,108.69,108.69,1412100
2018-01-03,109.06,109.48,107.58,108.02,108.02,1519800
2018-01-04,108.1,109.76,106.5,108.86,108.86,1825500
2018-01-05,109.59,111.23,109.29,111.14,111.14,2055500
2018-01-08,110.76,111.63,109.05,109.1,109.1,1801700
2018-01-09,109.5,109.82,108.66,109.69,109.69,1584400
2018-01-10,109.16,109.94,108.78,109.63,109.63,1048700
2018-01-11,109.66,111.69,109.18,111.35,111.35,2063100
2018-01-12,112.1,115.05,111.64,114.84,114.84,2400000
2018-01-16,115.49,115.89,112.55,112.88,112.88,2022800
2018-01-17,114.49,114.79,112.57,112.8,112.8,2230800
2018-01-18,113.07,113.33,111.57,112.9,112.9,1566400
2018-01-19,113.1,115.0,112.34,114.73,114.73,1908200
2018-01-22,114.28,115.04,113.43,115.02,115.02,1784600
2018-01-23,115.1,116.28,113.86,114.7,114.7,2060100
2018-01-24,114.41,115.49,112.72,114.34,114.34,1728800
2018-01-25,114.68,115.52,113.06,115.07,115.07,1562600
2018-01-26,115.0,115.5,113.83,115.43,115.43,1632300
2018-01-29,115.03,116.58,114.54,116.35,116.35,1806100
2018-01-30,115.99,116.46,114.34,114.6,114.6,1921100
2018-01-31,114.77,116.65,113.74,115.0,115.0,1802800
2018-02-01,113.6,114.89,111.74,113.87,113.87,1436700
2018-02-02,112.53,112.89,108.67,108.83,108.83,2159900
2018-02-05,108.39,110.44,105.24,105.24,105.24,2024700
2018-02-06,103.03,108.49,101.07,107.85,107.85,2850500
2018-02-07,107.07,108.76,106.06,106.08,106.08,2124700
2018-02-08,105.74,106.35,101.54,101.58,101.58,3005300
2018-02-09,102.33,108.91,101.54,107.62,107.62,4168800
2018-02-12,108.17,108.69,103.68,104.74,104.74,5204200
2018-02-13,103.73,106.82,103.72,104.84,104.84,2483200
2018-02-14,103.79,107.77,103.21,105.87,105.87,2642000
2018-02-15,106.02,108.58,105.27,108.57,108.57,1975900
2018-02-16,108.25,109.57,107.56,107.96,107.96,2116800
2018-02-20,105.71,109.23,104.59,106.81,106.81,2430700
2018-02-21,106.81,108.26,105.57,105.69,105.69,1532800
2018-02-22,106.5,107.85,106.11,107.0,107.0,1825700
2018-02-23,107.67,107.7,104.46,106.61,106.61,2557700
2018-02-26,107.5,108.83,106.01,106.22,106.22,2825500
2018-02-27,106.32,107.41,103.09,103.93,103.93,2959300
2018-02-28,104.57,105.11,102.61,102.64,102.64,3570800
2018-03-01,102.94,105.4,102.07,104.09,104.09,2790800
2018-03-02,103.38,105.59,102.12,104.41,104.41,2334400
2018-03-05,103.48,103.85,100.24,102.64,102.64,3121900
2018-03-06,102.95,104.73,101.17,104.36,104.36,4489800
2018-03-07,90.25,90.84,86.85,89.25,89.25,22028300
2018-03-08,91.0,93.78,90.72,91.32,91.32,11477500
2018-03-09,91.89,92.75,91.08,92.7,92.7,4464300
2018-03-12,93.06,94.96,92.7,94.29,94.29,5355000
2018-03-13,94.48,96.24,94.21,94.42,94.42,4922600
2018-03-14,94.4,94.59,92.17,92.81,92.81,3244000
2018-03-15,94.08,95.43,93.45,94.16,94.16,2781700
2018-03-16,94.39,95.92,93.76,95.75,95.75,4172400
2018-03-19,95.31,95.74,93.96,94.57,94.57,3122800
2018-03-20,94.49,95.01,93.35,94.94,94.94,2837100
2018-03-21,94.46,95.91,94.05,94.72,94.72,3464400
2018-03-22,93.4,94.84,92.61,93.54,93.54,4472800
2018-03-23,93.7,94.25,91.81,91.95,91.95,2707700
2018-03-26,95.13,95.96,93.65,95.21,95.21,2648500
2018-03-27,95.68,95.68,93.06,93.63,93.63,1522400
2018-03-28,93.53,95.28,93.53,93.91,93.91,1983400
2018-03-29,94.57,95.47,94.35,94.9,94.9,2357800
2018-04-02,94.74,94.99,93.16,94.4,94.4,2603300
2018-04-03,95.27,95.67,94.33,94.88,94.88,1790200
2018-04-04,94.22,97.8,93.7,97.56,97.56,1938200
2018-04-05,97.94,100.07,96.69,99.0,99.0,2853400
2018-04-06,98.07,99.76,97.28,98.72,98.72,3015900
2018-04-09,99.7,100.24,98.65,98.74,98.74,1642700
2018-04-10,100.0,100.3,97.93,99.07,99.07,2392100
2018-04-11,98.45,99.03,97.92,98.25,98.25,1624700
2018-04-12,98.52,99.53,98.01,98.1,98.1,1493400
2018-04-13,98.69,98.8,96.66,97.13,97.13,1649400
2018-04-16,97.43,97.88,96.3,97.55,97.55,1727600
2018-04-17,98.18,99.25,97.97,98.87,98.87,1419200
2018-04-18,100.43,101.75,100.19,100.52,100.52,1705200
2018-04-19,100.16,100.38,97.92,98.9,98.9,1868700
2018-04-20,98.67,98.8,96.92,97.56,97.56,2376700
2018-04-23,97.43,98.02,96.47,97.51,97.51,2184500
2018-04-24,98.39,98.39,96.01,96.52,96.52,1851800
2018-04-25,96.34,97.52,95.12,96.91,96.91,1519100
2018-04-26,96.86,97.58,95.58,96.93,96.93,2998500
2018-04-27,96.75,97.76,96.47,97.36,97.36,1863900
2018-04-30,97.81,98.1,95.89,95.89,95.89,1749700
2018-05-01,95.83,96.34,95.02,95.93,95.93,1373300
2018-05-02,95.49,97.02,94.8,96.21,96.21,1524800
2018-05-03,95.68,96.08,94.39,95.56,95.56,1124700
2018-05-04,95.15,95.15,93.02,93.61,93.61,2933400
2018-05-07,93.62,93.98,92.2,92.8,92.8,2308800
2018-05-08,92.92,94.45,92.51,93.68,93.68,1944700
2018-05-09,93.29,93.95,92.08,93.55,93.55,1923200
2018-05-10,93.39,93.92,92.34,92.62,92.62,2737900
2018-05-11,91.88,93.95,90.21,93.89,93.89,3140200
2018-05-14,93.93,95.24,93.8,94.86,94.86,2659500
2018-05-15,94.01,96.08,94.01,95.29,95.29,2293500
2018-05-16,95.01,96.66,94.2,94.49,94.49,2716000
2018-05-17,94.71,95.0,93.8,94.29,94.29,1526700
2018-05-18,93.77,94.33,93.05,93.1,93.1,3067700
2018-05-21,93.78,94.72,93.51,93.82,93.82,2085300
2018-05-22,94.26,95.12,93.48,93.59,93.59,2533100
2018-05-23,92.54,93.73,92.27,93.68,93.68,1794800
2018-05-24,93.69,97.65,93.67,94.65,94.65,2221500
2018-05-25,94.69,96.04,94.19,95.18,95.18,2387700
2018-05-29,95.01,95.71,94.11,94.9,94.9,2866400
2018-05-30,95.61,96.71,94.7,96.35,96.35,3298600
2018-05-31,88.27,89.0,81.31,82.59,82.59,18431900
2018-06-01,83.15,83.4,81.01,81.28,81.28,7654600
2018-06-04,81.08,81.69,80.01,81.21,81.21,5765700
2018-06-05,81.4,83.29,81.21,82.95,82.95,5868200
2018-06-06,83.23,83.68,81.0,81.59,81.59,4617500
2018-06-07,82.05,82.48,81.08,81.96,81.96,4621300
2018-06-08,81.96,82.91,81.88,82.63,82.63,3988000
2018-06-11,82.5,84.25,82.47,83.95,83.95,3077400
2018-06-12,84.1,87.07,83.96,86.59,86.59,4562200
2018-06-13,86.72,88.78,86.31,87.98,87.98,5520100
2018-06-14,88.16,88.64,87.19,88.34,88.34,3407400
2018-06-15,88.27,88.58,87.29,88.02,88.02,4065400
2018-06-18,87.39,89.1,87.1,88.4,88.4,3130500
2018-06-19,87.6,87.79,86.27,87.27,87.27,3218900
2018-06-20,87.88,88.24,85.93,86.56,86.56,2192100
2018-06-21,86.52,87.35,86.06,86.22,86.22,2824000
2018-06-22,86.58,87.38,86.38,86.99,86.99,5743400
2018-06-25,87.12,87.36,85.94,86.55,86.55,1784400
2018-06-26,86.61,86.72,84.77,85.15,85.15,2369800
2018-06-27,85.32,85.32,83.5,83.53,83.53,2354800
2018-06-28,83.62,85.48,82.04,85.01,85.01,3439600
2018-06-29,85.0,86.4,84.77,85.0,85.0,2292500
2018-07-02,84.53,84.74,83.32,84.03,84.03,1965400
2018-07-03,84.3,84.86,83.46,83.55,83.55,812300
2018-07-05,83.79,84.13,83.21,83.99,83.99,1642300
2018-07-06,84.23,85.53,83.88,84.63,84.63,1464200
2018-07-09,84.65,85.83,84.26,84.67,84.67,2263700
2018-07-10,84.83,85.92,84.5,85.83,85.83,1765000
2018-07-11,85.73,85.84,83.73,85.2,85.2,2767100
2018-07-12,85.6,86.0,84.88,85.74,85.74,1833400
2018-07-13,85.95,87.09,85.55,86.75,86.75,1904100
2018-07-16,86.66,86.7,85.24,86.09,86.09,1629200
2018-07-17,86.08,87.44,85.81,86.73,86.73,2130300
2018-07-18,86.53,86.98,85.45,86.63,86.63,2001500
2018-07-19,86.71,87.82,86.23,87.49,87.49,2314900
2018-07-20,87.25,87.32,85.96,86.44,86.44,2606700
2018-07-23,86.34,88.36,86.12,87.99,87.99,2738000
2018-07-24,87.72,88.98,87.68,88.28,88.28,2895500
2018-07-25,88.42,89.76,88.1,89.4,89.4,2865000
2018-07-26,89.79,90.79,89.1,89.22,89.22,2341000
2018-07-27,89.55,90.01,87.46,87.99,87.99,1867000
2018-07-30,87.92,90.07,87.6,90.02,90.02,3027000
2018-07-31,90.0,91.33,89.4,91.28,91.28,2997700
2018-08-01,91.02,91.25,89.46,89.89,89.89,5689900
2018-08-02,89.56,91.04,89.42,90.66,90.66,2228800
2018-08-03,90.69,90.87,89.86,90.28,90.28,1392600
2018-08-06,90.35,91.17,89.85,90.79,90.79,1716600
2018-08-07,91.22,93.4,90.98,92.88,92.88,2119000
2018-08-08,92.88,92.88,91.27,91.62,91.62,2043700
2018-08-09,91.73,92.99,91.53,92.7,92.7,1738400
2018-08-10,92.06,93.13,91.91,92.43,92.43,1279600
2018-08-13,93.86,94.95,92.2,92.97,92.97,3332900
2018-08-14,93.0,94.84,93.0,94.53,94.53,2720700
2018-08-15,93.97,94.41,93.61,94.23,94.23,2907800
2018-08-16,95.3,96.0,94.13,95.05,95.05,3083100
2018-08-17,94.93,96.09,94.28,95.61,95.61,1822000
2018-08-20,96.0,96.0,94.91,94.98,94.98,3152500
2018-08-21,95.3,95.65,94.86,94.99,94.99,2602100
2018-08-22,94.88,95.0,93.14,93.32,93.32,4019400
2018-08-23,93.14,94.76,92.5,94.17,94.17,3107000
2018-08-24,93.9,94.16,93.01,93.46,93.46,2105200
2018-08-27,94.22,94.48,92.85,93.07,93.07,3021400
2018-08-28,93.03,93.89,92.84,93.38,93.38,3933100
2018-08-29,93.38,94.51,92.72,94.46,94.46,4330200
2018-08-30,89.6,90.38,79.77,79.78,79.78,25539500
2018-08-31,80.36,81.05,79.5,80.51,80.51,7458000
2018-09-04,80.45,81.7,79.17,79.98,79.98,8938200
2018-09-05,79.76,83.04,79.65,82.64,82.64,7281000
2018-09-06,82.92,83.29,81.44,82.12,82.12,5243900
2018-09-07,81.6,82.27,80.78,82.24,82.24,5507500
2018-09-10,82.42,83.97,82.41,83.9,83.9,4669700
2018-09-11,83.89,84.7,83.4,83.8,83.8,4686000
2018-09-12,83.94,85.09,83.39,84.97,84.97,4307300
2018-09-13,84.97,85.27,83.83,84.41,84.41,2937600
2018-09-14,84.27,84.87,83.57,84.57,84.57,3074900
2018-09-17,84.71,86.0,84.4,85.5,85.5,4448900
2018-09-18,85.0,85.66,84.56,85.21,85.21,4913800
2018-09-19,85.73,85.73,84.02,84.28,84.28,5389400
2018-09-20,84.6,86.3,84.05,86.22,86.22,5978600
2018-09-21,86.71,86.71,84.67,85.07,85.07,4206600
2018-09-24,84.6,85.93,84.23,85.63,85.63,2756700
2018-09-25,84.44,85.52,84.01,85.26,85.26,3409200
2018-09-26,85.71,85.71,84.3,84.36,84.36,5191300
2018-09-27,84.18,84.41,81.93,82.08,82.08,3527600
2018-09-28,82.39,82.39,80.94,81.55,81.55,3246000
2018-10-01,81.91,82.69,81.56,82.22,82.22,4748800
2018-10-02,82.41,82.97,81.43,81.64,81.64,2729500
2018-10-03,81.64,82.15,80.83,81.55,81.55,2995900
2018-10-04,81.12,81.68,80.85,81.11,81.11,2586500
2018-10-05,81.15,81.63,80.22,80.64,80.64,3639100
2018-10-08,80.63,82.47,80.63,82.28,82.28,2111400
2018-10-09,83.6,85.46,82.55,82.86,82.86,5335800
2018-10-10,82.92,85.1,82.34,84.23,84.23,4312200
2018-10-11,83.81,84.41,78.78,79.51,79.51,9635400
2018-10-12,81.16,81.43,79.66,81.14,81.14,3840300
2018-10-15,80.37,81.56,79.94,80.97,80.97,2866400
2018-10-16,81.29,86.98,80.47,86.5,86.5,11097700
2018-10-17,86.3,87.38,84.91,85.3,85.3,3731500
2018-10-18,85.36,86.51,84.39,84.8,84.8,2946900
2018-10-19,85.4,85.5,83.51,84.51,84.51,2621100
2018-10-22,84.82,85.31,83.12,83.52,83.52,2159100
2018-10-23,82.49,84.37,82.24,83.88,83.88,2528500
2018-10-24,84.0,85.08,82.16,82.43,82.43,3850700
2018-10-25,82.94,83.87,82.37,83.02,83.02,2988200
2018-10-26,81.72,84.08,81.34,83.28,83.28,2702400
2018-10-29,84.25,85.57,82.7,83.79,83.79,3317500
2018-10-30,84.21,85.08,83.68,84.34,84.34,2114000
2018-10-31,85.0,85.04,83.52,84.3,84.3,2630300
2018-11-01,84.22,85.61,83.84,84.9,84.9,2023200
2018-11-02,85.42,86.15,84.96,85.15,85.15,2998600
2018-11-05,85.21,86.48,84.9,86.08,86.08,1689000
2018-11-06,85.89,86.36,85.34,86.1,86.1,1576900
2018-11-07,86.61,86.81,85.63,86.45,86.45,2318700
2018-11-08,86.42,88.33,86.12,87.85,87.85,2981100
2018-11-09,87.69,87.94,85.93,86.38,86.38,2031800
2018-11-12,86.81,87.15,85.45,85.99,85.99,2902600
2018-11-13,86.39,87.23,85.92,86.94,86.94,1508100
2018-11-14,86.95,87.54,85.3,85.51,85.51,2864800
2018-11-15,85.14,85.92,83.03,85.52,85.52,2882200
2018-11-16,84.98,85.45,83.38,84.2,84.2,2737800
2018-11-19,84.15,85.45,83.55,84.03,84.03,2082400
2018-11-20,82.0,82.64,81.21,81.52,81.52,3664700
2018-11-21,81.93,83.08,81.52,82.13,82.13,2463100
2018-11-23,81.89,83.34,81.48,83.01,83.01,1209000
2018-11-26,84.94,84.94,82.02,83.15,83.15,3609500
2018-11-27,82.61,83.14,81.02,81.82,81.82,4560200
2018-11-28,82.13,83.77,81.73,83.32,83.32,5289600
2018-11-29,84.54,88.92,84.01,88.43,88.43,12183600
2018-11-30,88.63,89.48,86.73,86.77,86.77,6646700
2018-12-03,87.6,88.3,85.52,86.67,86.67,5059400
2018-12-04,86.35,87.15,84.83,86.25,86.25,3794900
2018-12-06,85.89,86.3,84.99,86.25,86.25,3171600
2018-12-07,85.15,85.85,83.23,83.39,83.39,3345800
2018-12-10,83.75,84.07,81.71,83.82,83.82,2820100
2018-12-11,84.67,86.04,83.76,84.81,84.81,2370200
2018-12-12,85.66,86.05,84.35,84.58,84.58,1690600
2018-12-13,84.77,85.48,84.77,85.05,85.05,1934300
2018-12-14,86.36,86.97,85.24,85.86,85.86,2980200
2018-12-17,85.74,86.95,84.5,85.01,85.01,3569000
2018-12-18,85.57,86.56,85.47,85.86,85.86,2879200
2018-12-19,85.9,87.83,85.6,86.23,86.23,4222800
2018-12-20,86.27,86.43,83.21,83.77,83.77,3410200
2018-12-21,83.93,85.58,83.02,83.46,83.46,5334000
2018-12-24,83.39,83.97,82.21,83.35,83.35,1474100
2018-12-26,83.92,88.36,83.92,88.02,88.02,3850400
2018-12-27,86.61,87.73,85.39,87.33,87.33,3204400
2018-12-28,87.75,88.64,87.32,87.73,87.73,2186500
2018-12-31,88.11,90.32,87.87,90.32,90.32,2598100
2019-01-02,89.8,91.53,89.04,91.2,91.2,3328400
2019-01-03,90.65,91.82,90.1,90.76,90.76,2789000
2019-01-04,91.71,93.64,91.37,92.89,92.89,3271400
2019-01-07,96.27,98.94,95.9,97.96,97.96,6433900
2019-01-08,98.33,98.98,96.76,98.6,98.6,3711100
2019-01-09,98.56,99.72,96.94,97.17,97.17,3258200
2019-01-10,94.01,96.93,94.01,96.41,96.41,3439900
2019-01-11,96.23,97.52,96.0,97.28,97.28,1733600
2019-01-14,97.0,97.85,96.07,97.23,97.23,2592400
2019-01-15,97.45,97.58,95.47,95.95,95.95,3076900
2019-01-16,95.72,96.18,93.77,93.86,93.86,3091600
2019-01-17,93.29,94.65,92.92,94.57,94.57,3139200
2019-01-18,95.29,95.74,94.49,94.66,94.66,2846300
2019-01-22,94.12,96.73,94.12,95.73,95.73,2161500
2019-01-23,95.42,96.27,93.84,94.44,94.44,2233300
2019-01-24,94.83,95.41,94.03,94.56,94.56,2578700
2019-01-25,95.19,97.15,94.56,96.92,96.92,2472800
2019-01-28,96.15,96.98,94.87,95.62,95.62,1468900
2019-01-29,95.55,96.46,95.06,96.2,96.2,2011700
2019-01-30,96.68,96.68,95.34,96.04,96.04,1416600
2019-01-31,96.15,96.89,95.55,96.83,96.83,2280700
2019-02-01,96.87,97.42,95.64,96.69,96.69,1754700
2019-02-04,96.72,98.6,96.13,98.54,98.54,1880200
2019-02-05,98.98,99.36,97.74,98.1,98.1,2376500
2019-02-06,97.78,98.1,97.07,97.79,97.79,1339800
2019-02-07,97.44,98.99,96.82,98.29,98.29,1566300
2019-02-08,97.81,98.29,97.29,97.65,97.65,1312100
2019-02-11,97.64,98.23,97.26,97.6,97.6,1178900
2019-02-12,98.34,98.71,97.97,98.08,98.08,1743200
2019-02-13,98.45,98.97,97.55,98.56,98.56,2039900
2019-02-14,98.06,99.1,97.67,98.53,98.53,1613300
2019-02-15,99.16,100.12,98.61,98.85,98.85,1570800
2019-02-19,99.4,99.44,98.41,99.05,99.05,1936400
2019-02-20,99.21,100.01,98.36,99.19,99.19,2205700
2019-02-21,98.95,98.95,97.7,98.12,98.12,1017200
2019-02-22,98.29,98.57,96.46,97.11,97.11,1997100
2019-02-25,97.8,98.4,97.16,97.28,97.28,2163700
2019-02-26,97.29,97.52,95.8,96.49,96.49,2621500
2019-02-27,96.19,96.6,94.75,95.77,95.77,2892500
2019-02-28,95.55,96.7,95.14,96.33,96.33,2551600
2019-03-01,96.86,97.39,95.95,96.36,96.36,2153400
2019-03-04,96.42,97.05,95.01,95.27,95.27,1945100
2019-03-05,96.14,96.14,95.08,95.47,95.47,2565600
2019-03-06,97.66,101.09,95.2,100.35,100.35,10496200
2019-03-07,99.43,103.51,99.04,103.16,103.16,5266000
2019-03-08,102.42,104.19,101.13,102.4,102.4,2332400
2019-03-11,102.19,103.91,101.66,103.84,103.84,2199700
2019-03-12,104.27,104.49,101.96,102.45,102.45,1885700
2019-03-13,102.62,103.22,102.2,102.56,102.56,1746500
2019-03-14,101.75,101.75,99.84,100.65,100.65,2565800
2019-03-15,100.52,100.79,99.51,99.86,99.86,3500200
2019-03-18,100.41,101.08,99.77,101.03,101.03,1738100
2019-03-19,101.14,102.23,100.81,101.31,101.31,2081100
2019-03-20,101.31,102.32,101.06,101.35,101.35,2119900
2019-03-21,101.74,102.39,101.3,101.41,101.41,1341600
2019-03-22,101.04,102.15,101.0,101.43,101.43,1423200
2019-03-25,101.4,102.56,101.28,101.96,101.96,1801200
2019-03-26,102.7,102.84,101.43,101.77,101.77,1280400
2019-03-27,102.07,105.15,101.46,104.22,104.22,2594700
2019-03-28,104.28,104.75,103.43,103.47,103.47,1332500
2019-03-29,103.73,105.24,103.27,105.04,105.04,1897400
2019-04-01,105.6,105.65,102.55,103.72,103.72,1922400
2019-04-02,103.31,104.31,102.76,104.11,104.11,1824200
2019-04-03,104.1,105.87,103.92,104.71,104.71,2025000
2019-04-04,104.72,105.97,104.1,105.63,105.63,1886300
2019-04-05,105.63,106.9,105.28,105.99,105.99,2615000
2019-04-08,104.42,104.93,102.02,102.44,102.44,3993700
2019-04-09,102.0,103.38,101.49,102.6,102.6,2913200
2019-04-10,102.85,103.75,102.76,103.43,103.43,2408800
2019-04-11,103.56,104.79,103.37,104.65,104.65,1393200
2019-04-12,104.77,105.0,104.11,104.45,104.45,1422800
2019-04-15,104.69,107.0,104.53,106.81,106.81,2553600
2019-04-16,107.05,107.59,105.9,106.31,106.31,1212200
2019-04-17,106.47,108.18,105.86,108.0,108.0,1536600
2019-04-18,108.66,109.05,107.98,108.67,108.67,1625500
2019-04-22,108.7,109.28,107.93,108.2,108.2,1603900
2019-04-23,108.21,109.57,107.18,109.3,109.3,1895100
2019-04-24,109.57,110.72,109.35,110.21,110.21,1386100
2019-04-25,110.06,111.53,109.4,110.76,110.76,1293000
2019-04-26,110.42,110.64,109.16,109.94,109.94,1438900
2019-04-29,110.16,111.04,109.46,110.98,110.98,1771500
2019-04-30,111.4,111.61,110.62,111.28,111.28,1639600
2019-05-01,111.29,111.36,109.64,109.65,109.65,1010600
2019-05-02,109.75,110.2,108.22,109.45,109.45,1508000
2019-05-03,109.7,110.18,108.36,108.82,108.82,1529700
2019-05-06,107.68,108.8,106.24,108.62,108.62,1577000
2019-05-07,107.99,108.07,104.42,105.45,105.45,2368000
2019-05-08,104.73,106.71,104.67,106.11,106.11,1593000
2019-05-09,105.43,106.43,104.87,105.64,105.64,1525200
2019-05-10,105.42,105.42,102.97,104.02,104.02,2163700
2019-05-13,102.62,102.62,99.01,99.34,99.34,2739400
2019-05-14,99.29,99.78,98.5,98.75,98.75,2947800
2019-05-15,98.16,100.42,97.83,100.2,100.2,1870600
2019-05-16,100.51,102.25,100.4,100.89,100.89,2052800
2019-05-17,100.47,101.03,99.4,100.39,100.39,1877900
2019-05-20,99.9,100.42,99.16,100.06,100.06,1878200
2019-05-21,99.65,100.18,97.6,99.77,99.77,1961500
2019-05-22,99.89,101.22,99.55,99.57,99.57,1425100
2019-05-23,99.16,99.44,96.69,97.46,97.46,2659600
2019-05-24,98.13,98.77,97.51,98.42,98.42,2191300
2019-05-28,98.42,98.95,96.94,97.27,97.27,3131300
2019-05-29,96.26,96.98,95.11,95.32,95.32,3289700
2019-05-30,96.17,100.82,96.06,98.31,98.31,4004200
2019-05-31,97.57,101.77,97.0,101.59,101.59,3477900
2019-06-03,101.59,102.75,100.24,100.69,100.69,2242200
2019-06-04,101.18,101.92,100.04,100.69,100.69,2257000
2019-06-05,100.87,101.45,99.88,100.29,100.29,1806100
2019-06-06,100.18,102.6,100.18,102.22,102.22,1619900
2019-06-07,102.58,103.73,102.15,102.64,102.64,1782700
2019-06-10,102.7,104.41,102.36,103.78,103.78,2186900
2019-06-11,108.0,108.3,105.36,106.53,106.53,3479300
2019-06-12,106.15,108.16,106.15,108.05,108.05,1778900
2019-06-13,108.27,108.73,107.1,108.66,108.66,1672600
2019-06-14,108.98,111.12,108.93,110.31,110.31,3320700
2019-06-17,110.43,110.76,107.96,108.13,108.13,2148800
2019-06-18,109.25,110.11,108.67,109.47,109.47,1899200
2019-06-19,109.5,109.72,107.64,109.37,109.37,1870000
2019-06-20,110.5,111.06,109.43,110.79,110.79,1678200
2019-06-21,110.89,112.5,110.46,112.19,112.19,3037100
2019-06-24,112.3,113.38,111.75,112.71,112.71,2007800
2019-06-25,112.61,112.68,108.75,108.95,108.95,2392900
2019-06-26,109.0,110.05,108.33,109.07,109.07,1407900
2019-06-27,109.23,109.23,108.03,108.14,108.14,1155900
2019-06-28,107.98,108.57,106.58,107.39,107.39,3885900
2019-07-01,108.79,110.34,108.75,110.09,110.09,2107600
2019-07-02,110.09,110.11,107.92,109.08,109.08,1841900
2019-07-03,109.39,110.43,109.02,109.75,109.75,1149700
2019-07-05,108.98,109.94,107.92,109.64,109.64,1024100
2019-07-08,109.32,110.49,109.0,110.26,110.26,1642500
2019-07-09,109.83,111.8,109.27,111.49,111.49,2045100
2019-07-10,111.62,112.18,111.23,111.69,111.69,1468900
2019-07-11,112.12,112.49,110.67,110.97,110.97,1407200
2019-07-12,111.14,112.47,110.65,112.43,112.43,1209300
2019-07-15,112.47,112.87,111.5,111.75,111.75,1194900
2019-07-16,111.84,112.44,111.47,112.32,112.32,1210600
2019-07-17,112.44,112.67,111.54,112.25,112.25,1262900
2019-07-18,111.94,111.98,109.52,110.12,110.12,1473800
2019-07-19,110.5,110.5,108.15,108.2,108.2,1245700
2019-07-22,108.09,108.35,107.0,107.55,107.55,1348000
2019-07-23,107.6,107.77,104.32,105.49,105.49,2187500
2019-07-24,105.32,106.7,104.76,106.24,106.24,1192500
2019-07-25,106.18,106.85,105.53,106.55,106.55,1232300
2019-07-26,106.55,106.55,105.85,106.1,106.1,1504700
2019-07-29,106.01,106.22,103.54,103.84,103.84,1714200
2019-07-30,103.47,103.86,101.19,101.49,101.49,1806200
2019-07-31,101.5,102.94,100.05,101.75,101.75,2641100
2019-08-01,101.45,103.83,94.7,97.69,97.69,4272200
2019-08-02,97.43,98.93,96.33,96.87,96.87,2421400
